file_id,RMS_g,crest,kurt_excess,E_low,E_mid,E_hi,PCT_low,PCT_mid,PCT_hi,F1X_hz,A1X,F2X_hz,A2X,F3X_hz,A3X,R_2X_1X,R_3X_1X,SNR_1X_dB
01 - m1_half_shaft_speed_no_mechanical_load.csv,18.247090597562757,3.342248938076372,0.0,0.8331639676859253,0.1568162964929643,0.0100197358211095,83.31639676859261,15.681629649296447,1.001973582110951,0.6158115780786951,15.24777744389664,1.2316231561573903,9.834341310927792,1.8474347342360855,4.33848512359285,0.6449688387119179,0.2845322959071293,0.0
01 - m1_half_shaft_speed_no_mechanical_load.csv,26.21052399076577,3.2702363536248877,0.0,0.8239209465374829,0.1661091487315217,0.0099699047309945,82.39209465374836,16.610914873152183,0.9969904730994508,0.5043474752363657,18.28829352898353,1.0086949504727314,6.087132752871961,1.513042425709097,4.746992705314255,0.332843124112427,0.2595645513776973,0.0
01 - m1_half_shaft_speed_no_mechanical_load.csv,23.45721765911844,3.1834767158223367,0.0,0.8118402266376991,0.1773200053459106,0.0108397680163896,81.18402266376997,17.732000534591073,1.0839768016389606,0.5043474752363657,13.9172552208976,1.0086949504727314,5.587296852811622,1.513042425709097,3.974417411624998,0.4014654300814975,0.2855748025413208,0.0
01 - m1_half_shaft_speed_no_mechanical_load.csv,21.439809525738408,3.2427432893600256,0.0,0.8179653500051328,0.171208265782347,0.0108263842125193,81.79653500051337,17.120826578234716,1.082638421251931,0.706086465330912,13.459411573423816,1.412172930661824,4.40013901572265,2.118259395992736,4.196207786022262,0.3269191221116169,0.3117675511392975,0.0
01 - m1_half_shaft_speed_no_mechanical_load.csv,24.599870951847056,3.1018309200689664,0.0,0.7944071574666353,0.1942130512949893,0.0113797912383744,79.44071574666361,19.421305129498947,1.137979123837441,0.706086465330912,12.258777201685117,1.412172930661824,4.347867577900082,2.118259395992736,5.276220004711024,0.3546738395165886,0.4304034503527598,0.0
01 - m1_half_shaft_speed_no_mechanical_load.csv,29.718131600216683,3.3198698380150238,0.0,0.8537179445198859,0.1373270413840082,0.0089550140961052,85.37179445198865,13.732704138400829,0.8955014096105205,0.8069559603781852,16.37108222150766,1.6139119207563704,5.413364245894583,2.4208678811345554,3.2059353466391043,0.3306662426252265,0.1958291640871046,0.0
01 - m1_half_shaft_speed_no_mechanical_load.csv,47.1749990081336,3.4901431561947183,0.0,0.8809521224108546,0.1121548088311927,0.006893068757952,88.09521224108552,11.215480883119278,0.6893068757952004,0.5043474752363657,21.51992771321632,1.0086949504727314,13.450344891293776,1.513042425709097,4.829428007157076,0.6250181260150487,0.2244165534157959,0.0
01 - m1_half_shaft_speed_no_mechanical_load.csv,21.7332748936209,3.419403749289034,0.0,0.8619003073480531,0.1301805327533204,0.0079191598986258,86.19003073480536,13.018053275332049,0.7919159898625806,0.6052169702813269,14.40732963143432,1.2104339405626539,9.915933767285226,1.815650910843981,7.01341864327755,0.6882561877150615,0.4867951815286765,0.0
01 - m1_half_shaft_speed_no_mechanical_load.csv,46.16285855034754,3.4737248594902237,0.0,0.8622195020091697,0.1299516850968604,0.0078288128939693,86.22195020091702,12.995168509686046,0.7828812893969305,0.8069559603812678,15.410526760586595,1.6139119207625356,9.054934834484934,2.4208678811438036,4.386759718555483,0.5875811369176235,0.2846599461982637,0.0
01 - m1_half_shaft_speed_no_mechanical_load.csv,17.825629961944855,3.1234188939313885,0.0,0.814477240957229,0.1750324979339086,0.0104902611088616,81.44772409572295,17.503249793390875,1.0490261108861607,44.79060142208269,10.54217627501925,89.58120284416538,0.32588282079681996,134.37180426624806,0.8128297587341381,0.0309122910009608,0.0771026529560334,0.0
01 - m1_half_shaft_speed_no_mechanical_load.csv,12.791190526192906,3.3707162972679523,0.0,0.7378676795149053,0.247567722899625,0.0145645975854686,73.78676795149062,24.75677228996253,1.4564597585468615,44.92104605552334,10.076935820951345,89.84209211104668,0.39423835832067994,134.76313816657003,0.09023324506518238,0.039122841042711,0.0089544328423304,0.0
01 - m1_half_shaft_speed_no_mechanical_load.csv,24.279070782783048,3.357156989193155,0.0,0.7167789803051541,0.265878512549902,0.0173425071449428,71.6778980305155,26.58785125499023,1.734250714494282,44.92104605552334,9.646291595426929,89.84209211104668,0.2944945555003922,134.76313816657003,0.09741187122116247,0.0305293026431012,0.0100983751380005,0.0
01 - m1_half_shaft_speed_no_mechanical_load.csv,22.74103255482903,3.332820063589665,0.0,0.7167149060634987,0.2682367444484616,0.0150483494880384,71.67149060634998,26.823674444846194,1.504834948803842,44.92104605552334,10.394633913695705,89.84209211104668,0.2540102547504718,134.76313816657003,0.11495886158601154,0.0244366715422074,0.0110594430299796,0.0
01 - m1_half_shaft_speed_no_mechanical_load.csv,19.106003388970557,3.1673750039666557,0.0,0.7837818170789518,0.2044947947516821,0.0117233881693651,78.37818170789527,20.449479475168232,1.172338816936511,0.5949807424572628,13.439929570337249,1.1899614849145257,6.566120955546552,1.7849422273717885,5.353802494483385,0.4885532265018996,0.398350487364127,0.0
01 - m1_half_shaft_speed_no_mechanical_load.csv,21.035448183638994,3.208139687211002,0.0,0.7350592705613933,0.2506207947309836,0.014319934707622,73.5059270561394,25.062079473098382,1.4319934707622013,44.92104605552334,10.429543461427016,89.84209211104668,0.24139877842342364,134.76313816657003,0.10689312327846882,0.0231456706917442,0.0102490702180595,0.0
01 - m1_half_shaft_speed_no_mechanical_load.csv,13.680988377816316,3.2373535896172054,0.0,0.7893288124015565,0.1983404702984054,0.012330717300037,78.93288124015574,19.834047029840562,1.2330717300037013,0.7933076566096837,12.81717057184517,1.5866153132193674,6.725151164501225,2.3799229698290514,2.787937074830954,0.5246985773345347,0.2175157972037194,0.0
01 - m1_half_shaft_speed_no_mechanical_load.csv,31.21013423785088,3.283240623405998,0.0,0.7084071505706393,0.2751674516106883,0.0164253978186711,70.84071505706402,27.51674516106886,1.6425397818671121,44.92104605552334,10.45701602119578,89.84209211104668,0.37446280742798643,134.76313816657003,0.10975009662852393,0.0358097192037357,0.0104953551190958,0.0
01 - m1_half_shaft_speed_no_mechanical_load.csv,18.45948741065878,3.3464284245047966,0.0,0.7591511204210155,0.2272027534491111,0.0136461261298723,75.91511204210164,22.720275344911133,1.3646126129872316,0.5949807424572628,13.071647575644992,1.1899614849145257,6.893776804320456,1.7849422273717885,3.697370023466234,0.5273839249739946,0.2828541698412333,0.0
01 - m1_half_shaft_speed_no_mechanical_load.csv,19.19153471440453,3.364518469223607,0.0,0.6774197708986331,0.3055602781979345,0.0170199509034308,67.74197708986341,30.5560278197935,1.7019950903430827,44.92104605552334,10.45775772746733,89.84209211104668,0.32831498695209393,134.76313816657003,0.10483674549572618,0.0313943959602137,0.010024782389094,0.0
01 - m1_half_shaft_speed_no_mechanical_load.csv,24.770594334503382,3.618986734195207,0.0,0.8126067305147254,0.17647266136255,0.0109206081227238,81.2606730514726,17.647266136255013,1.092060812272381,0.5949807424572628,13.070813405998786,1.1899614849145257,6.500098911159154,1.7849422273717885,4.552074129663556,0.4972987303281344,0.3482624981529002,0.0
02 - m1_load_0.5Nm_half_speed.csv,22.371082889723425,3.561177281018934,0.0,0.7824476828550931,0.2059860749279387,0.0115662422169674,78.24476828550937,20.598607492793885,1.1566242216967408,0.8000624048684227,11.286996212667496,1.6001248097368455,4.033468261882439,2.400187214605268,2.253163871008888,0.3573553304957826,0.1996247565388692,0.0
02 - m1_load_0.5Nm_half_speed.csv,33.91406150388032,3.524834074779352,0.0,0.8704275012497268,0.1226267064780141,0.0069457922722586,87.04275012497273,12.262670647801418,0.6945792272258604,0.5000390030427642,19.825690390102032,1.0000780060855283,14.264851502500099,1.5001170091282925,6.135616288688932,0.7195134808330216,0.3094780644689244,0.0
02 - m1_load_0.5Nm_half_speed.csv,23.42431996426563,3.609488516193939,0.0,0.846382294045452,0.1453933193060518,0.0082243866484956,84.63822940454526,14.539331930605188,0.8224386648495605,0.600046803651317,18.29978435868321,1.200093607302634,5.541165932568129,1.8001404109539512,3.956514044429473,0.3027995206915571,0.2162055009436281,0.0
02 - m1_load_0.5Nm_half_speed.csv,29.654472510128176,3.5951305658452557,0.0,0.8161341993828736,0.1724310365693192,0.0114347640478065,81.61341993828741,17.243103656931932,1.1434764047806507,0.5000390030427642,18.748745545129797,1.0000780060855283,6.4499115872640305,1.5001170091282925,6.397900012225271,0.3440183009438447,0.3412441646735773,0.0
02 - m1_load_0.5Nm_half_speed.csv,43.55104844815784,3.4573137040214896,0.0,0.8304708046067052,0.1605304913185807,0.0089987040747135,83.04708046067057,16.053049131858078,0.8998704074713506,0.6985776958157837,19.98939010701735,1.3971553916315673,5.587435510751438,2.0957330874473508,3.9957798869087484,0.2795200594334265,0.1998950375932688,0.0
02 - m1_load_0.5Nm_half_speed.csv,48.42142822967012,3.7782139009029687,0.0,0.8041058543448533,0.1857182858339826,0.0101758598211634,80.41058543448538,18.57182858339827,1.0175859821163407,0.7983745095037528,13.79177544243272,1.5967490190075055,5.722361173930467,2.395123528511258,2.3688900008115676,0.4149111329296052,0.1717610622866784,0.0
02 - m1_load_0.5Nm_half_speed.csv,51.65566207136161,3.3900828727581374,0.0,0.8031889225128622,0.1856236381726811,0.011187439314456,80.31889225128629,18.56236381726812,1.1187439314456007,0.7983745095037528,11.91194766173234,1.5967490190075055,7.3170815199597135,2.395123528511258,6.196145659993444,0.6142640756780826,0.5201622636320706,0.0
02 - m1_load_0.5Nm_half_speed.csv,25.428780420243577,3.5331181094600073,0.0,0.852533435530296,0.1385101001855168,0.0089564642841866,85.25334355302965,13.851010018551687,0.8956464284186605,1.1000858066940813,13.696640419706906,2.2001716133881626,9.81949492863473,3.300257420082244,3.245664390892565,0.7169272630174559,0.2369679199742048,0.0
02 - m1_load_0.5Nm_half_speed.csv,37.20829054533138,3.777655547939599,0.0,0.8959300432911913,0.0983404248426157,0.0057295318661924,89.59300432911917,9.834042484261575,0.5729531866192403,0.5000390030427642,24.456723767355736,1.0000780060855283,9.667660578484789,1.5001170091282925,9.704224437324301,0.3952966337784359,0.3967916769897558,0.0
02 - m1_load_0.5Nm_half_speed.csv,21.11624649401208,3.285817633738549,0.0,0.8077766613875561,0.1799444598427648,0.0122788787696784,80.77766613875566,17.994445984276492,1.2278878769678407,0.600046803651317,14.33609993998805,1.200093607302634,6.171087818791401,1.8001404109539512,4.718295190898699,0.4304579240256429,0.3291198590027848,0.0
02 - m1_load_0.5Nm_half_speed.csv,22.359844867827217,3.410294832952075,0.0,0.8686620651123431,0.124400951710408,0.0069369831772481,86.86620651123438,12.44009517104081,0.6936983177248105,0.6000468036423031,20.68272177334712,1.2000936072846062,9.771451831072854,1.8001404109269092,6.177937102186605,0.4724451616259171,0.2987003920416234,0.0
02 - m1_load_0.5Nm_half_speed.csv,37.96381838020844,3.5940726682682405,0.0,0.846707077181769,0.1450041064492158,0.0082888163690142,84.67070771817698,14.500410644921594,0.8288816369014208,0.500039003027741,12.605968540216088,1.000078006055482,12.219756212591994,1.500117009083223,7.4401847013151325,0.9693627406421028,0.5902112699693914,0.0
02 - m1_load_0.5Nm_half_speed.csv,36.23333248478196,3.504765459019431,0.0,0.842811937987251,0.1481600522411689,0.0090280097715796,84.28119379872514,14.8160052241169,0.9028009771579606,0.6985776958157837,11.610896719125208,1.3971553916315673,10.747046456690322,2.0957330874473508,5.162541328411782,0.925600039055384,0.4446289940645291,0.0
02 - m1_load_0.5Nm_half_speed.csv,40.891093807992185,3.509284278278301,0.0,0.8496513104457287,0.1413479665995021,0.0090007229547685,84.96513104457293,14.13479665995022,0.9000722954768505,0.5987808821278146,18.68891107886326,1.197561764255629,11.93100448526905,1.7963426463834438,5.346286446646359,0.6384001954379648,0.2860673061199852,0.0
02 - m1_load_0.5Nm_half_speed.csv,36.84950992119739,3.2325048576708033,0.0,0.8560746759612341,0.1354603319050398,0.0084649921337254,85.60746759612347,13.546033190503989,0.8464992133725405,0.5987808821278146,17.282833160785817,1.197561764255629,16.200728532063447,1.7963426463834438,6.253361785240802,0.9373884698963808,0.3618250391625301,0.0
02 - m1_load_0.5Nm_half_speed.csv,21.162005304122808,3.1521503752916447,0.0,0.8310585547516278,0.1589456098877832,0.0099958353605882,83.10585547516285,15.894560988778332,0.9995835360588208,0.5987808821278146,16.52770701282479,1.197561764255629,11.4486338166968,1.7963426463834438,3.6513574249158167,0.6926934152337739,0.2209234119459233,0.0
02 - m1_load_0.5Nm_half_speed.csv,22.949268227076917,3.623884121171731,0.0,0.9065875974506477,0.0887651321203039,0.0046472704290483,90.65875974506478,8.876513212030392,0.46472704290483,0.6985776958157837,27.173213446720844,1.3971553916315673,8.019772038747583,2.0957330874473508,9.230407241692141,0.2951352093292955,0.3396877318095049,0.0
02 - m1_load_0.5Nm_half_speed.csv,41.508069784464176,3.290724176047788,0.0,0.84692378215754,0.1443961647841998,0.0086800530582596,84.69237821575405,14.43961647841999,0.8680053058259605,0.7000546042598699,14.194101353792432,1.4001092085197397,8.954376272699138,2.1001638127796096,5.869593763118944,0.6308519327506897,0.4135234501161769,0.0
02 - m1_load_0.5Nm_half_speed.csv,40.82738697137163,3.6281754668048607,0.0,0.857677001766721,0.135350309353524,0.0069726888797544,85.76770017667215,13.535030935352406,0.6972688879754403,1.197561764255629,17.484815867119313,2.395123528511258,3.057020293423865,3.5926852927668875,5.712026838683105,0.1748385751761148,0.3266849866817718,0.0
03 - m1_mechanically_imbalanced_half_speed.csv,23.21589930413413,3.1249420348695245,0.0,0.9153351503139908,0.0827196261576134,0.001945223528395,91.53351503139915,8.271962615761346,0.19452235283950012,0.6170851120806642,14.04082954321101,1.2341702241613284,7.568954266977354,1.8512553362419926,5.928259932113255,0.5390674563553175,0.4222157895919813,0.0
03 - m1_mechanically_imbalanced_half_speed.csv,18.711542717425743,2.9894072445917024,0.0,0.8405370359893636,0.1557917100987892,0.0036712539118453,84.05370359893651,15.57917100987895,0.3671253911845307,0.5043059660602878,10.24713202036421,1.0086119321205755,9.02787218971225,1.5129178981808633,3.028268150728609,0.8810145289209785,0.2955234835181694,0.0
03 - m1_mechanically_imbalanced_half_speed.csv,21.31849753929127,3.054394155956695,0.0,0.9053013901184194,0.0922894130390432,0.0024091968425364,90.53013901184204,9.22894130390433,0.2409196842536403,0.5043059660602878,16.434499751606342,1.0086119321205755,10.62543603967622,1.5129178981808633,1.8076269178083206,0.646532367901108,0.1099897742632318,0.0
03 - m1_mechanically_imbalanced_half_speed.csv,12.303685591298269,3.3477407545519156,0.0,0.8094384577954546,0.186001174636895,0.004560367567648,80.94384577954565,18.600117463689543,0.45603675676480104,0.9077507389067878,9.49655356094823,1.8155014778135756,4.638212253442796,2.7232522167203634,1.090507675491261,0.4884100556770482,0.1148319407132764,0.0
03 - m1_mechanically_imbalanced_half_speed.csv,16.219614320593223,2.9292842322318604,0.0,0.7404749579717309,0.2536881165997149,0.0058369254285513,74.0474957971733,25.368811659971566,0.5836925428551317,0.5043059660593265,7.501347560114025,1.008611932118653,5.485605850100036,1.5129178981779796,3.295428005941533,0.7312827203565344,0.4393114676440136,0.0
03 - m1_mechanically_imbalanced_half_speed.csv,20.80127549302804,2.912360625522434,0.0,0.7241740574471399,0.269961224688556,0.0058647178643011,72.4174057447142,26.99612246885568,0.5864717864301118,0.6038712981197036,7.149048466503864,1.2077425962394073,4.0196160684959095,1.811613894359111,2.710261730828663,0.5622588918412583,0.3791080370383999,0.0
03 - m1_mechanically_imbalanced_half_speed.csv,17.195774543540033,3.1987531095851582,0.0,0.8548333670660815,0.1419837317059433,0.0031829012279735,85.48333670660828,14.198373170594353,0.3182901227973506,0.7045165144729876,9.703704150758206,1.4090330289459752,5.519334858333373,2.1135495434189626,2.540111580517524,0.5687863904942028,0.2617672118867155,0.0
03 - m1_mechanically_imbalanced_half_speed.csv,11.047069078039971,3.614752532418666,0.0,0.7312664581031723,0.2623121888281005,0.0064213530687244,73.12664581031744,26.231218882810122,0.6421353068724419,0.6038712981174066,5.4516131838901485,1.2077425962348132,5.102126486026882,1.8116138943522198,2.8556304247983673,0.935892975881704,0.5238138379364351,0.0
03 - m1_mechanically_imbalanced_half_speed.csv,12.658012131517191,3.3205545266745555,0.0,0.8160373928523039,0.1779547435137673,0.0060078636339274,81.6037392852305,17.795474351376754,0.6007863633927408,1.3083878125877144,9.464738403792309,2.616775625175429,1.6198946199545596,3.9251634377631435,1.7730185092933466,0.1711504904673862,0.1873288445651005,0.0
03 - m1_mechanically_imbalanced_half_speed.csv,12.383844707278191,2.968214879258234,0.0,0.8164581713237579,0.1792944783236421,0.0042473503525979,81.64581713237595,17.92944783236425,0.4247350352597909,0.5032260817683338,10.404246910867323,1.0064521635366677,6.500550673756062,1.5096782453050015,5.0740365697117396,0.624797808956858,0.4876889805846366,0.0
03 - m1_mechanically_imbalanced_half_speed.csv,10.69330465904195,2.8624275242740054,0.0,0.7109595882571199,0.2824657370354465,0.0065746747074304,71.09595882571222,28.246573703544737,0.657467470743042,0.7932711567391818,7.405846093975631,1.5865423134783636,2.0794465755430953,2.3798134702175453,1.9626880060570415,0.2807844706946644,0.2650187407558486,0.0
03 - m1_mechanically_imbalanced_half_speed.csv,16.125072866282,3.6725962401174725,0.0,0.7165715018654557,0.2740783002699575,0.0093501978645845,71.65715018654573,27.407830026995814,0.9350197864584523,0.8924300513315795,6.788622109786683,1.784860102663159,1.7979703958146656,2.6772901539947385,1.466103539581278,0.2648505641848376,0.2159648181724092,0.0
03 - m1_mechanically_imbalanced_half_speed.csv,29.367780791466515,3.274430157008822,0.0,0.7799001498041052,0.2150681362296614,0.0050317139662311,77.9900149804107,21.506813622966188,0.5031713966231112,0.7932711567391818,7.471426029143314,1.5865423134783636,4.109704739678437,2.3798134702175453,1.566292670275605,0.550056270870912,0.209637713626029,0.0
03 - m1_mechanically_imbalanced_half_speed.csv,17.446148714624645,2.835604682003545,0.0,0.7302203838421036,0.2635510421485251,0.0062285740093685,73.02203838421056,26.355104214852584,0.6228574009368517,0.9915889459165452,5.24028714394599,1.9831778918330905,2.9440646925103913,2.9747668377496357,2.1189270411918444,0.561813620444753,0.4043532316048374,0.0
03 - m1_mechanically_imbalanced_half_speed.csv,31.62953745047399,3.9297208198694453,0.0,0.8239917684368114,0.1704632437437674,0.0055449878194195,82.39917684368129,17.046324374376766,0.5544987819419509,0.6941122621415816,12.479563227772438,1.3882245242831632,3.402222731982884,2.0823367864247446,2.3736343567453018,0.2726235421774589,0.1902017172734809,0.0
03 - m1_mechanically_imbalanced_half_speed.csv,12.35901336984972,3.5907439392021256,0.0,0.796859441221507,0.1962375030732339,0.0069030557052578,79.6859441221508,19.623750307323416,0.6903055705257809,0.5949533675499271,13.9529723597434,1.1899067350998542,2.5556514856065777,1.7848601026497812,2.4095574217404514,0.1831617966204856,0.1726913348364695,0.0
03 - m1_mechanically_imbalanced_half_speed.csv,16.62931877196236,2.981232280474028,0.0,0.6824088632474953,0.3102891670802647,0.0073019696722367,68.24088632474975,31.028916708026575,0.7301969672236724,0.8924300513248906,5.840193783864474,1.7848601026497812,2.77572707085848,2.677290153974672,1.5507459989714871,0.4752799604916145,0.26552988759653,0.0
03 - m1_mechanically_imbalanced_half_speed.csv,11.887466366761128,2.9625021607635036,0.0,0.7485824561644852,0.2455997805281643,0.0058177633073477,74.85824561644873,24.559978052816497,0.5817763307347718,1.3882245242831632,5.460047359033896,2.7764490485663265,0.7184020694506552,4.164673572849489,1.6467054661540599,0.1315743293438703,0.3015917917688957,0.0
04 - m1_mechanically_imbalanced_half_speed.csv,28.91254160074533,2.195249464075115,0.0,0.7921637746031953,0.2058648770584323,0.0019713483383721,79.21637746031956,20.586487705843236,0.19713483383721003,1.233803247863177,28.920736236755445,2.467606495726354,10.272240036107249,3.7014097435895312,2.991874300126465,0.3551859797764149,0.1034508345719112,0.0
04 - m1_mechanically_imbalanced_half_speed.csv,31.597017256682776,2.0129337790554707,0.0,0.7115152199201312,0.2860295947905629,0.0024551852893057,71.15152199201313,28.602959479056295,0.24551852893057005,1.1637320166371867,21.556253118539903,2.3274640332743735,7.138902094687616,3.49119604991156,2.2367617022139545,0.3311754624252234,0.103763937541176,0.0
04 - m1_mechanically_imbalanced_half_speed.csv,51.55037450421626,2.017905307455681,0.0,0.8069117807006628,0.1915892825807377,0.0014989367185991,80.69117807006631,19.15892825807378,0.14989367185991004,1.1637320166383378,31.10359707234452,2.3274640332766756,3.9362101942832837,3.4911960499150134,2.2395496577072995,0.1265516070417183,0.0720029150486448,0.0
04 - m1_mechanically_imbalanced_half_speed.csv,39.51899986232722,2.161380992194935,0.0,0.8277349007347141,0.1708040759739919,0.0014610232912939,82.77349007347141,17.080407597399187,0.14610232912939,1.1637320166383378,29.99665817192661,2.3274640332766756,4.693302787300579,3.4911960499150134,2.6532536005394474,0.1564608550859497,0.0884516396904034,0.0
04 - m1_mechanically_imbalanced_half_speed.csv,44.93138359930604,2.082465233852211,0.0,0.7921055981649269,0.2061161276563708,0.0017782741787018,79.21055981649273,20.61161276563709,0.1778274178701801,1.1637320166383378,31.397366335039383,2.3274640332766756,4.085878707654176,3.4911960499150134,3.727429756498248,0.1301344407060775,0.1187179114554728,0.0
04 - m1_mechanically_imbalanced_half_speed.csv,40.61592413190454,2.173962570538057,0.0,0.7928753240314877,0.2052189141089258,0.0019057618595858,79.28753240314883,20.521891410892593,0.19057618595858014,1.1637320166383378,32.956648784456355,2.3274640332766756,3.6294736638826457,3.4911960499150134,3.9002439648330904,0.1101287235732065,0.1183446772862597,0.0
04 - m1_mechanically_imbalanced_half_speed.csv,31.437128375556505,2.2067350867061837,0.0,0.7824985376346921,0.2157519719085005,0.0017494904568071,78.24985376346925,21.57519719085006,0.17494904568071004,1.1637320166383378,34.074101830367034,2.3274640332766756,2.8372054776353766,3.4911960499150134,2.848509731516345,0.0832657451034217,0.0835975001101199,0.0
04 - m1_mechanically_imbalanced_half_speed.csv,49.76214727195439,2.0499374163813884,0.0,0.7820794759666545,0.2163575068917361,0.0015630171416088,78.2079475966655,21.635750689173626,0.15630171416088012,1.1637320166383378,29.14006150327227,2.3274640332766756,2.9764570750030828,3.4911960499150134,4.149339488166638,0.1021431294737948,0.1423929557492763,0.0
04 - m1_mechanically_imbalanced_half_speed.csv,50.09748685703679,2.0257079639515303,0.0,0.7942303600616316,0.2042302412768014,0.0015393986615669,79.42303600616317,20.423024127680144,0.15393986615669003,1.1637320166383378,26.735374960847423,2.3274640332766756,3.9749474589130114,3.4911960499150134,5.275363131361942,0.1486774531770778,0.1973177162874072,0.0
04 - m1_mechanically_imbalanced_half_speed.csv,49.07692351861432,2.0682303119762557,0.0,0.7778795954729961,0.2205807091798987,0.0015396953471048,77.78795954729964,22.058070917989877,0.15396953471048005,1.1637320166383378,25.03588519741888,2.3274640332766756,6.333076869912864,3.4911960499150134,3.253009872027342,0.252959974052197,0.1299338867539909,0.0
04 - m1_mechanically_imbalanced_half_speed.csv,52.23411611825702,1.9135976266076746,0.0,0.8598589254309816,0.1390631583523693,0.0010779162166485,85.9858925430982,13.906315835236937,0.10779162166485007,1.048596579309584,42.87785655329481,2.097193158619168,3.67075601262594,3.1457897379287516,1.914906427272538,0.0856095968338201,0.0446595651275715,0.0
04 - m1_mechanically_imbalanced_half_speed.csv,44.17949445647272,2.1531122961864173,0.0,0.8527919788984714,0.1459565334006763,0.001251487700852,85.27919788984717,14.595653340067635,0.12514877008520006,1.0931290281779793,44.12699795744479,2.1862580563559586,5.979573749149265,3.279387084533938,2.778168508254364,0.1355082834983664,0.062958475238528,0.0
04 - m1_mechanically_imbalanced_half_speed.csv,45.11487117692587,2.3816925350030553,0.0,0.853861434840885,0.1449508999873566,0.0011876651717578,85.38614348408854,14.49508999873567,0.11876651717578006,1.0931290281779793,37.00145709124416,2.1862580563559586,5.539557691449398,3.279387084533938,2.716991727268014,0.1497118796643349,0.0734293171365662,0.0
04 - m1_mechanically_imbalanced_half_speed.csv,77.50527043005799,2.0494111090251113,0.0,0.8773946669755117,0.121680920668673,0.0009244123558149,87.73946669755121,12.168092066867306,0.09244123558149005,0.9937536619799812,42.38170315766131,1.9875073239599623,8.164046727259784,2.9812609859399437,2.6470273518888803,0.1926313979617399,0.0624568423322171,0.0
04 - m1_mechanically_imbalanced_half_speed.csv,63.99979927099628,2.1287271111136516,0.0,0.8430372642467199,0.1557964617729523,0.0011662739803273,84.30372642467204,15.579646177295238,0.11662739803273006,1.0931290281779793,34.19695382159076,2.1862580563559586,5.487915483817014,3.279387084533938,5.840653519369989,0.1604796588739473,0.1707945552648144,0.0
04 - m1_mechanically_imbalanced_half_speed.csv,74.65258909938623,2.150907181384549,0.0,0.8721714410447418,0.1267960890234113,0.0010324699318466,87.2171441044742,12.679608902341133,0.10324699318466002,1.0931290281779793,34.4141362951184,2.1862580563559586,5.491205688279372,3.279387084533938,1.7353037005858383,0.1595625019087953,0.0504241537752028,0.0
04 - m1_mechanically_imbalanced_half_speed.csv,56.512011938230486,2.0484776512464933,0.0,0.9353388877479848,0.0641844005435464,0.0004767117084683,93.53388877479853,6.418440054354643,0.047671170846830015,1.0931290281779793,51.50440540415598,2.1862580563559586,7.107010831966812,3.279387084533938,3.9494869636674568,0.1379884065488762,0.0766825076937742,0.0
04 - m1_mechanically_imbalanced_half_speed.csv,62.78615588675166,2.1305389389723848,0.0,0.8923250859846688,0.1068500560240867,0.000824857991244,89.23250859846692,10.685005602408676,0.08248579912440004,1.0931290281779793,34.04519673061472,2.1862580563559586,7.63304942588024,3.279387084533938,4.619522660204031,0.2242034166016822,0.1356879414372713,0.0
04 - m1_mechanically_imbalanced_half_speed.csv,74.03957755290607,2.164973217614652,0.0,0.8445039783225353,0.1543511240720552,0.001144897605409,84.45039783225357,15.435112407205526,0.11448976054090006,0.9937536619799812,28.62657105449094,1.9875073239599623,11.100035170125688,2.9812609859399437,7.516926314603213,0.3877528729863129,0.2625856341751401,0.0
04 - m1_mechanically_imbalanced_half_speed.csv,60.13196334678717,2.2852004888766935,0.0,0.9304075408274404,0.0690317914677133,0.0005606677048458,93.04075408274409,6.903179146771333,0.05606677048458003,1.0931290281779793,42.04555321754987,2.1862580563559586,7.312032471064494,3.279387084533938,4.354743601826344,0.1739073911866723,0.1035720371972337,0.0
04 - m1_mechanically_imbalanced_half_speed.csv,46.99008309112752,2.214324668692025,0.0,0.9121476645216738,0.0872005655262277,0.0006517699520981,91.21476645216741,8.720056552622774,0.06517699520981002,0.9937536619799812,48.34282829830121,1.9875073239599623,7.6652025158789625,2.9812609859399437,5.925085459477073,0.1585592483042272,0.1225638976461227,0.0
04 - m1_mechanically_imbalanced_half_speed.csv,47.41624507676077,2.45551980838856,0.0,0.9505194375177136,0.0490078747297452,0.0004726877525407,95.0519437517714,4.900787472974522,0.04726877525407002,1.0931290281779793,51.01062736660042,2.1862580563559586,8.416158756796587,3.279387084533938,3.7844502979080943,0.164988340494458,0.0741894482243908,0.0
04 - m1_mechanically_imbalanced_half_speed.csv,61.2544151541373,2.3115806351709116,0.0,0.9529970327885352,0.0464197119094762,0.0005832553019882,95.29970327885354,4.641971190947622,0.05832553019882002,0.9937536619799812,54.97092219195815,1.9875073239599623,13.951023412735838,2.9812609859399437,6.976228879596701,0.2537891462693484,0.126907619545398,0.0
04 - m1_mechanically_imbalanced_half_speed.csv,53.44116446623583,2.3327620013621857,0.0,0.9315636996015568,0.067859357171075,0.0005769432273677,93.15636996015573,6.7859357171075025,0.057694322736770026,1.0931290281779793,44.26609190283549,2.1862580563559586,6.335851627195829,3.279387084533938,5.7184813791016635,0.1431310367561493,0.1291842386188911,0.0
04 - m1_mechanically_imbalanced_half_speed.csv,55.984018178285936,2.201450475325209,0.0,0.949505397458117,0.0500634855129356,0.0004311170289471,94.95053974581172,5.006348551293562,0.043111702894710016,0.9937536619799812,51.78045001491476,1.9875073239599623,5.593277286762728,2.9812609859399437,4.689928921635219,0.108019093792187,0.0905733519172649,0.0
04 - m1_mechanically_imbalanced_half_speed.csv,119.20638460011538,2.444431289614669,0.0,0.91656369014985,0.0822379696007317,0.0011983402494178,91.65636901498505,8.223796960073175,0.11983402494178007,0.9937536619799812,35.7947248773638,1.9875073239599623,12.99562650601601,2.9812609859399437,2.6504840520056243,0.3630598237740418,0.0740467781519886,0.0
04 - m1_mechanically_imbalanced_half_speed.csv,63.39744663879571,2.414758427216378,0.0,0.9451241296972452,0.0541035335183583,0.0007723367843959,94.51241296972458,5.410353351835833,0.07723367843959004,0.5962521971879886,44.64591343540644,1.1925043943759772,40.974758886924995,1.7887565915639658,11.226302285601367,0.917771767537182,0.2514519565568648,0.0
05 - m1_mechanically_imbalanced_load_0.5Nm_half_speed.csv,27.02117211388548,3.4764906959193174,0.0,0.8466281117825833,0.14601461525919,0.007357272958225,84.66281117825848,14.601461525919024,0.7357272958225012,0.6239416389948045,10.62013677173992,1.247883277989609,7.244886089598796,1.8718249169844134,6.079250299661526,0.6821838781659919,0.5724267427363413,0.0
05 - m1_mechanically_imbalanced_load_0.5Nm_half_speed.csv,21.656432149484434,3.423209880242391,0.0,0.7805502685929739,0.2103076099829735,0.0091421214240509,78.05502685929753,21.030760998297385,0.9142121424050915,0.5292988061135788,13.232751284236649,1.0585976122271576,4.980156262249166,1.5878964183407365,5.023693034856667,0.3763507796131343,0.3796408567612904,0.0
05 - m1_mechanically_imbalanced_load_0.5Nm_half_speed.csv,8.133436985690759,3.6388873986665566,0.0,0.7439951407819183,0.2467307466202244,0.0092741125978537,74.3995140781921,24.67307466202253,0.9274112597853733,0.8487854728636913,5.784748743375477,1.6975709457273827,3.987231943816467,2.546356418591074,1.7283404918307348,0.6892662275751436,0.2987753778951902,0.0
05 - m1_mechanically_imbalanced_load_0.5Nm_half_speed.csv,10.632967226967292,3.5907011840826204,0.0,0.8494106779286192,0.1448841071536269,0.0057052149177515,84.94106779286214,14.488410715362726,0.5705214917751514,0.5304909205419295,11.63654146123,1.060981841083859,4.038966290427386,1.5914727616257884,2.239249772148442,0.3470933613637863,0.1924325865729997,0.0
05 - m1_mechanically_imbalanced_load_0.5Nm_half_speed.csv,16.00042670865847,3.1707284407032255,0.0,0.8301115799656339,0.1637127448296101,0.0061756752047532,83.01115799656363,16.371274482961056,0.6175675204753218,0.5304909205419295,9.4243789402461,1.060981841083859,4.995919589703177,1.5914727616257884,2.2906048850339102,0.5301059752986458,0.2430510168953473,0.0
05 - m1_mechanically_imbalanced_load_0.5Nm_half_speed.csv,9.97569338827191,3.194777577998189,0.0,0.8698354463003685,0.1257358555903019,0.0044286981093275,86.98354463003704,12.573585559030219,0.442869810932751,0.6365891046503154,11.31004792065982,1.2731782093006307,3.923972883530358,1.9097673139509461,3.1676091645049196,0.3469457345412765,0.280070357502086,0.0
05 - m1_mechanically_imbalanced_load_0.5Nm_half_speed.csv,9.256271064514006,3.7349724098743136,0.0,0.7669741400410272,0.2251473900464585,0.0078784699125107,76.69741400410298,22.514739004645932,0.7878469912510727,0.5304909205398071,6.999172415494765,1.0609818410796141,4.194534222746866,1.5914727616194213,2.9897813809625884,0.5992900265552836,0.4271621276743821,0.0
05 - m1_mechanically_imbalanced_load_0.5Nm_half_speed.csv,11.194511341052108,3.275358674521125,0.0,0.7785799143980432,0.2140183848510138,0.0074017007509397,77.85799143980458,21.40183848510145,0.7401700750939725,0.5304909205398071,8.540452904815938,1.0609818410796141,3.570636287480914,1.5914727616194213,5.040262497292274,0.4180851211611321,0.5901633734728616,0.0
05 - m1_mechanically_imbalanced_load_0.5Nm_half_speed.csv,11.823310899905122,3.5268788980582633,0.0,0.8051419234910211,0.1877451919796914,0.0071128845292845,80.51419234910234,18.774519197969195,0.7112884529284521,0.8487854728636913,6.736202117616991,1.6975709457273827,3.033611808503067,2.546356418591074,1.6280227066703183,0.4503445347296441,0.2416825799232773,0.0
05 - m1_mechanically_imbalanced_load_0.5Nm_half_speed.csv,21.532757354883778,3.500142297314278,0.0,0.8099722327768171,0.1830530537708717,0.0069747134523085,80.99722327768194,18.30530537708722,0.6974713452308519,0.9548836569716528,7.723876088550249,1.9097673139433056,2.03425898310111,2.8646509709149584,1.9215234658642502,0.2633728143459815,0.2487770963483847,0.0
05 - m1_mechanically_imbalanced_load_0.5Nm_half_speed.csv,25.76641111820887,3.1400200593610315,0.0,0.8587202718626852,0.1359989488369813,0.0052807793003313,85.87202718626871,13.59989488369816,0.5280779300331312,0.5975593286763333,8.102825413249363,1.1951186573526666,5.940011951416597,1.792677986029,2.998629581972631,0.7330790987676676,0.37007209572471,0.0
05 - m1_mechanically_imbalanced_load_0.5Nm_half_speed.csv,11.217233510312449,3.417676238195764,0.0,0.8548444758276765,0.1393514904044127,0.0058040337679088,85.48444758276783,13.935149040441297,0.5804033767908812,1.5901297466349005,7.13589186270984,3.180259493269801,1.1053196664887524,4.770389239904701,1.1376064821082397,0.1548957982764343,0.1594203645451875,0.0
05 - m1_mechanically_imbalanced_load_0.5Nm_half_speed.csv,26.061539584562908,3.065036297244995,0.0,0.8631308830510205,0.1316614220056452,0.0052076949433322,86.31308830510223,13.166142200564549,0.5207694943332212,0.5962986549880875,9.117695439469871,1.192597309976175,7.0236424698470685,1.7888959649642626,4.659138005650457,0.7703308929844495,0.5109995213792042,0.0
05 - m1_mechanically_imbalanced_load_0.5Nm_half_speed.csv,20.37204539885024,3.690886222230976,0.0,0.8523112217712004,0.142127062789568,0.0055617154392295,85.23112217712023,14.21270627895683,0.5561715439229512,0.8944479824888355,9.33592983546928,1.788895964977671,2.8113037122801043,2.6833439474665064,3.125683956575239,0.3011273394107285,0.3348015689556779,0.0
05 - m1_mechanically_imbalanced_load_0.5Nm_half_speed.csv,28.17763761270378,3.7039578886226097,0.0,0.8171515299366671,0.1757535794465727,0.0070948906167575,81.71515299366693,17.57535794465732,0.709489061675752,0.8944479824888355,5.980495073897055,1.788895964977671,2.953429814600225,2.6833439474665064,2.501736949602915,0.4938436999122363,0.418316028805407,0.0
05 - m1_mechanically_imbalanced_load_0.5Nm_half_speed.csv,19.23932156527503,3.579923467116432,0.0,0.8832016361521974,0.1125289570318813,0.0042694068159199,88.32016361521987,11.252895703188146,0.4269406815919906,0.5962986549925571,12.783336186830269,1.1925973099851142,5.038596957648364,1.7888959649776712,3.2124925855762196,0.3941535201772492,0.2513031448618096,0.0
05 - m1_mechanically_imbalanced_load_0.5Nm_half_speed.csv,25.536974435161163,3.6192274045155646,0.0,0.919807484123276,0.0768071150552023,0.0033854008215202,91.98074841232774,7.680711505520241,0.3385400821520205,0.9938310916542616,11.82380730668049,1.9876621833085233,4.613104520162704,2.981493274962785,1.9893324727563217,0.3901538988677771,0.1682480457569993,0.0
05 - m1_mechanically_imbalanced_load_0.5Nm_half_speed.csv,21.542076393730568,3.400265726868503,0.0,0.8610854862578352,0.1335588818007365,0.0053556319414264,86.10854862578368,13.355888180073674,0.535563194142641,1.1925973099851142,8.79762340323572,2.3851946199702283,2.9632803013871847,3.5777919299553425,2.840464305599929,0.3368273641148706,0.3228672307745318,0.0
05 - m1_mechanically_imbalanced_load_0.5Nm_half_speed.csv,20.883812963091263,3.473396282581791,0.0,0.8637220442510466,0.1310639757253379,0.0052139800236134,86.37220442510484,13.106397572533819,0.5213980023613412,0.5962986549925571,9.43826656293286,1.1925973099851142,4.349842678586504,1.7888959649776712,4.143193276320201,0.4608730479884675,0.4389782009963426,0.0
05 - m1_mechanically_imbalanced_load_0.5Nm_half_speed.csv,13.716255280336489,3.1385239681964743,0.0,0.8986817096663825,0.0972569218605491,0.0040613684730669,89.86817096663837,9.725692186054925,0.4061368473066906,0.9938310916542616,8.841060747914467,1.9876621833085233,3.831322536466077,2.981493274962785,2.798805727382933,0.4333555266397026,0.316568996321301,0.0
05 - m1_mechanically_imbalanced_load_0.5Nm_half_speed.csv,38.44056479627397,3.436239558261491,0.0,0.8469958482517287,0.1473960538062736,0.0056080979419954,84.69958482517306,14.739605380627394,0.5608097941995414,0.7950648733234094,8.408591569290516,1.5901297466468187,4.9202413161951055,2.3851946199702283,3.521612269428872,0.5851445245794303,0.4188111933382931,0.0
05 - m1_mechanically_imbalanced_load_0.5Nm_half_speed.csv,18.486147367443216,3.489802650656757,0.0,0.8817553754750972,0.1141363757689312,0.0041082487559696,88.17553754750989,11.413637576893143,0.41082487559696085,0.7950648733234094,8.60635473334683,1.5901297466468187,5.6876102916426055,2.3851946199702283,2.985999885049178,0.6608617083380217,0.3469529176480953,0.0
05 - m1_mechanically_imbalanced_load_0.5Nm_half_speed.csv,24.64734207566913,3.2958018112131606,0.0,0.9080768507610424,0.0885084320690359,0.0034147171699202,90.80768507610438,8.850843206903605,0.34147171699202056,0.9938310916542616,10.405847665045464,1.9876621833085233,6.276340055916338,2.981493274962785,2.7840375490159817,0.6031550968211215,0.2675454839078521,0.0
05 - m1_mechanically_imbalanced_load_0.5Nm_half_speed.csv,29.84115386251773,3.2819806222252166,0.0,0.8987175906233766,0.097351233190277,0.0039311761863447,89.8717590623378,9.735123319027716,0.3931176186344706,1.093214200819688,12.911201859014762,2.186428401639376,3.737461034947445,3.279642602459064,3.4193164611319,0.289474293389496,0.264833320590096,0.0
05 - m1_mechanically_imbalanced_load_0.5Nm_half_speed.csv,13.355350939375876,3.1118944679604716,0.0,0.8908837096035663,0.1049630832129427,0.0041532071834895,89.08837096035676,10.496308321294286,0.4153207183489506,0.6956817641579832,14.039491748152502,1.3913635283159664,3.336501276462315,2.0870452924739498,5.159146445365731,0.2376511440951112,0.367473875686749,0.0
05 - m1_mechanically_imbalanced_load_0.5Nm_half_speed.csv,29.12820071032488,3.5335082523207584,0.0,0.90323125723255,0.0934318405595616,0.0033369022078869,90.32312572325515,9.343184055956174,0.3336902207886905,0.8944479824888355,12.996937760374694,1.788895964977671,3.0780993005700683,2.6833439474665064,4.186108398633847,0.2368326568397238,0.3220842075120597,0.0
05 - m1_mechanically_imbalanced_load_0.5Nm_half_speed.csv,12.308050380418033,3.605931318868447,0.0,0.8240670284372861,0.168898721780234,0.0070342497824772,82.40670284372882,16.889872178023445,0.7034249782477219,1.5901297466468187,5.516894411516937,3.1802594932936374,2.0652832152494827,4.770389239940457,1.924723058947396,0.3743561252392373,0.3488779946430351,0.0
05 - m1_mechanically_imbalanced_load_0.5Nm_half_speed.csv,52.26799711461148,3.9438704047129574,0.0,0.753452072880543,0.2337053270247979,0.012842600094658,75.34520728805438,23.370532702479814,1.2842600094658012,0.6942171709739627,10.60214840871956,1.3884343419479255,5.767515791704012,2.0826515129218883,3.3115582041959306,0.5439950064234731,0.3123478446568806,0.0
06 - m1_electrically_50_ohm_fault_half_speed.csv,22.80843631468262,3.417105286328015,0.0,0.7127299563975724,0.2708293194207009,0.0164407241817253,71.27299563975734,27.082931942070125,1.6440724181725324,0.6000297614799962,10.48488869352779,1.2000595229599924,5.116061654495659,1.8000892844399887,3.6578187251127177,0.4879462056334226,0.3488657659637961,0.0
06 - m1_electrically_50_ohm_fault_half_speed.csv,27.996792588116683,3.61517903213759,0.0,0.8050012731522675,0.1845250820518416,0.01047364479589,80.50012731522682,18.452508205184177,1.047364479589001,1.2000595229599924,13.1147496395288,2.400119045919985,2.573666465319296,3.6001785688799774,1.4379712561708018,0.1962421347001608,0.1096453455608983,0.0
06 - m1_electrically_50_ohm_fault_half_speed.csv,41.16777460285434,3.6137559873239726,0.0,0.8181359747044015,0.1721661665819801,0.0096978587136176,81.8135974704402,17.216616658198024,0.9697858713617608,0.5000248012333302,17.5618936713954,1.0000496024666603,11.951152193842622,1.5000744036999905,7.977919913036286,0.6805161457792285,0.4542744684777716,0.0
06 - m1_electrically_50_ohm_fault_half_speed.csv,15.962239774567989,3.5775558882070815,0.0,0.7228731467523931,0.261512827941254,0.0156140253063517,72.2873146752394,26.151282794125432,1.5614025306351718,0.8000396819733283,10.748875281739474,1.6000793639466566,5.52628462518005,2.400119045919985,3.161308533099818,0.5141267788796727,0.29410598320648,0.0
06 - m1_electrically_50_ohm_fault_half_speed.csv,32.45398718413943,3.304946954626007,0.0,0.8760111393346868,0.1172379974010741,0.0067508632642384,87.60111393346875,11.723799740107419,0.6750863264238405,0.5000248012333302,23.15171086059889,1.0000496024666603,10.154417756493794,1.5000744036999905,8.753044054241322,0.4386033420007527,0.3780733141902627,0.0
06 - m1_electrically_50_ohm_fault_half_speed.csv,29.29007135553809,3.4955635283094835,0.0,0.7236963966421798,0.2601892054494678,0.0161143979083513,72.36963966421806,26.018920544946806,1.6114397908351317,44.90222715075305,9.508245467085777,89.8044543015061,0.17080973969098223,134.70668145225915,0.0985632077861199,0.0179643805244896,0.0103660773301774,0.0
06 - m1_electrically_50_ohm_fault_half_speed.csv,30.579555333971552,3.0826691047731845,0.0,0.7242492167152937,0.2603754561809877,0.0153753271037174,72.42492167152946,26.0375456180988,1.5375327103717418,44.90222715075305,9.368010741048929,89.8044543015061,0.21675427056864746,134.70668145225915,0.13432876178125172,0.0231377051713732,0.0143390913497406,0.0
06 - m1_electrically_50_ohm_fault_half_speed.csv,29.21771484649505,3.294910991819917,0.0,0.7565183093019981,0.2301177534812678,0.0133639372167332,75.65183093019988,23.0117753481268,1.336393721673321,0.5000248012333302,12.667798908609814,1.0000496024666603,6.2271770188367706,1.5000744036999905,5.211858969798799,0.4915752976315718,0.4114257739169272,0.0
06 - m1_electrically_50_ohm_fault_half_speed.csv,37.68843565391249,3.4038428002037886,0.0,0.8344826920303612,0.1569039492240879,0.0086133587455502,83.44826920303618,15.690394922408801,0.8613358745550205,0.5000248012333302,15.713780645070049,1.0000496024666603,13.255706583632293,1.5000744036999905,6.759601971511979,0.8435720774676247,0.430170315100631,0.0
06 - m1_electrically_50_ohm_fault_half_speed.csv,13.777133338424315,3.5570513714333236,0.0,0.7925793478770947,0.1963475630464689,0.0110730890764354,79.25793478770954,19.634756304646906,1.1073089076435407,0.7000347217266623,15.146647197764048,1.4000694434533245,4.098090921043411,2.100104165179987,4.124933401932689,0.2705609279424144,0.2723331010536518,0.0
06 - m1_electrically_50_ohm_fault_half_speed.csv,33.10342978673624,3.605749721406878,0.0,0.8866331347127065,0.1070983418427265,0.0062685234445664,88.6633134712707,10.709834184272655,0.6268523444566403,0.5000248012333302,25.602139635045024,1.0000496024666603,15.211290175393135,1.5000744036999905,5.557029645410537,0.5941413644417217,0.2170533293164255,0.0
06 - m1_electrically_50_ohm_fault_half_speed.csv,16.006026067774346,3.580129583037638,0.0,0.6882233615012953,0.2944619712787507,0.0173146672199526,68.82233615012963,29.44619712787511,1.7314667219952624,44.90222715075305,9.639538775773705,89.8044543015061,0.19063999602527673,134.70668145225915,0.1331443248025596,0.0197768794192101,0.013812312798324,0.0
06 - m1_electrically_50_ohm_fault_half_speed.csv,17.179166894477678,3.3206600858971345,0.0,0.8084071936105562,0.1813475364103698,0.0102452699790729,80.8407193610557,18.134753641036998,1.024526997907291,0.5000248012333302,15.726612966599822,1.0000496024666603,4.1056800095811266,1.5000744036999905,5.019324791039163,0.2610657500315401,0.3191612079281918,0.0
06 - m1_electrically_50_ohm_fault_half_speed.csv,20.72497729355088,3.296454713210837,0.0,0.8520809090373305,0.140054894503848,0.007864196458821,85.2080909037331,14.005489450384808,0.7864196458821006,0.5000248012333302,22.293753252670715,1.0000496024666603,15.102364305407164,1.5000744036999905,5.972655269400325,0.6774258301974322,0.2679071218609106,0.0
06 - m1_electrically_50_ohm_fault_half_speed.csv,41.66536444708088,3.343863002125872,0.0,0.7627880305864337,0.2240218027707282,0.013190166642837,76.27880305864345,22.40218027707284,1.3190166642837013,0.7000347217266623,11.532271865866,1.4000694434533245,4.491583630595314,2.100104165179987,4.859018350856441,0.3894795130428556,0.4213409471587721,0.0
06 - m1_electrically_50_ohm_fault_half_speed.csv,43.93021858614787,3.502343786426411,0.0,0.8412581164434848,0.1500337515468079,0.0087081320097065,84.12581164434854,15.003375154680802,0.8708132009706506,0.5000248012333302,12.822370769455024,1.0000496024666603,11.200274576919982,1.5000744036999905,6.248092822528492,0.8734948301136995,0.4872806234407499,0.0
06 - m1_electrically_50_ohm_fault_half_speed.csv,21.12149384216293,3.2547481560681004,0.0,0.8182567967797651,0.1716143385618664,0.0101288646583678,81.82567967797657,17.16143385618665,1.0128864658367807,0.6000297614799962,12.961317068958312,1.2000595229599924,7.662690172507548,1.8000892844399887,3.895763735370745,0.5911968769639389,0.3005685081727457,0.0
06 - m1_electrically_50_ohm_fault_half_speed.csv,29.1674046668987,3.309223288615808,0.0,0.7553968455573418,0.2303929704123214,0.0142101840303358,75.53968455573425,23.03929704123216,1.4210184030335813,0.7000347217266623,11.89291013129575,1.4000694434533245,6.462942451446739,2.100104165179987,3.967311975175873,0.5434281752823261,0.3335863074199173,0.0
06 - m1_electrically_50_ohm_fault_half_speed.csv,21.150375195500043,3.12062076096412,0.0,0.6650247076961107,0.3160606028825076,0.0189146894213803,66.50247076961116,31.606060288250806,1.8914689421380326,44.90222715075305,9.193604023995077,89.8044543015061,0.23779315173155613,134.70668145225915,0.1419667311010093,0.0258650634844531,0.0154419018624774,0.0
07 - m1_electrically_100_ohm_fault_half_speed.csv,44.21061631105588,3.1836783280871797,0.0,0.9274805662027744,0.0693486772763959,0.0031707565208293,92.74805662027747,6.934867727639593,0.3170756520829301,0.7000392021539965,29.844419494773614,1.400078404307993,7.7539385055913845,2.1001176064619895,4.5411020298252645,0.2598120062931451,0.1521591676668567,0.0
07 - m1_electrically_100_ohm_fault_half_speed.csv,79.05548453497087,3.4941815176468474,0.0,0.9719074991019736,0.0268237208379979,0.0012687800600283,97.19074991019738,2.68237208379979,0.12687800600283003,0.500028001538569,62.99864930017274,1.000056003077138,25.577022446913485,1.500084004615707,5.080971781167255,0.4059931876482843,0.0806520748874742,0.0
07 - m1_electrically_100_ohm_fault_half_speed.csv,76.1461840752302,3.2071126324493453,0.0,0.939998620103593,0.0573761931783967,0.0026251867180099,93.99986201035934,5.7376193178396715,0.26251867180099014,0.6000336018462827,39.19517061773033,1.2000672036925655,13.907644168719875,1.800100805538848,6.989090978614919,0.3548305556406639,0.1783151053679387,0.0
07 - m1_electrically_100_ohm_fault_half_speed.csv,67.32204164568488,3.4246425552569395,0.0,0.9754650646525056,0.0234460942665664,0.0010888410809276,97.5465064652506,2.344609426656641,0.10888410809276004,0.6000336018462827,63.91324470988106,1.2000672036925655,16.090485180677423,1.800100805538848,5.239699535173605,0.2517550979255762,0.0819814352871298,0.0
07 - m1_electrically_100_ohm_fault_half_speed.csv,79.55386246721984,3.3965590427999057,0.0,0.9520488483116216,0.0457041484954102,0.0022470031929678,95.2048848311622,4.570414849541022,0.22470031929678014,0.500028001538569,47.8423708698286,1.000056003077138,15.17555673731629,1.500084004615707,10.886153681139385,0.3171990948903126,0.2275421030190761,0.0
07 - m1_electrically_100_ohm_fault_half_speed.csv,77.00879307115277,3.6196808244489502,0.0,0.9751663900979868,0.0237099822522823,0.0011236276497306,97.51663900979871,2.370998225228231,0.11236276497306004,0.500028001538569,68.70966614458858,1.000056003077138,32.9044912973393,1.500084004615707,5.886077283652045,0.4788917359618226,0.0856659275751061,0.0
07 - m1_electrically_100_ohm_fault_half_speed.csv,103.44451625595111,3.117852969136472,0.0,0.9200778057934668,0.0762876592411912,0.0036345349653422,92.00778057934666,7.628765924119119,0.36345349653421993,1.000056003077138,20.21766402377522,2.000112006154276,3.8655020360565837,3.000168009231414,2.3590450663944664,0.1911942958153275,0.1166823755514147,0.0
07 - m1_electrically_100_ohm_fault_half_speed.csv,33.2093860701475,3.264536846813077,0.0,0.9589563628817585,0.0391992105733644,0.001844426544877,95.89563628817587,3.919921057336441,0.18444265448770003,0.8000448024617103,42.88576059623309,1.6000896049234206,6.080995232909892,2.400134407385131,4.228809141947136,0.1417952054100685,0.0986063691806967,0.0
07 - m1_electrically_100_ohm_fault_half_speed.csv,79.2447092610489,3.2730844526382876,0.0,0.9422159805450554,0.0551123470787532,0.0026716723761912,94.22159805450555,5.511234707875321,0.2671672376191201,0.6000336018462827,43.08230927014257,1.2000672036925655,11.018763471579915,1.800100805538848,5.977790893844047,0.2557607439863089,0.1387527965680997,0.0
07 - m1_electrically_100_ohm_fault_half_speed.csv,44.06991289590096,3.339770045197402,0.0,0.9289809228377468,0.0678479639585028,0.00317111320375,92.89809228377472,6.784796395850283,0.31711132037500017,0.500028001538569,30.853945762804983,1.000056003077138,12.766969162202315,1.500084004615707,9.036813270195255,0.4137872433027071,0.2928900355133607,0.0
07 - m1_electrically_100_ohm_fault_half_speed.csv,51.15844349079677,3.334896068742823,0.0,0.9287091214442024,0.0680196711082488,0.0032712074475483,92.87091214442029,6.801967110824884,0.32712074475483016,0.500028001538569,35.253445065769554,1.000056003077138,13.723281537762373,1.500084004615707,9.798380164096452,0.3892749066696868,0.2779410677684519,0.0
07 - m1_electrically_100_ohm_fault_half_speed.csv,58.87830508710872,3.3418016794533405,0.0,0.9434232416519344,0.0539604043943194,0.002616353953746,94.34232416519345,5.396040439431941,0.2616353953746,0.6000336018462827,30.7622508665172,1.2000672036925655,20.697653291616678,1.800100805538848,8.882726263022484,0.6728263605100753,0.2887541065043059,0.0
07 - m1_electrically_100_ohm_fault_half_speed.csv,84.05641217207041,3.463320754151523,0.0,0.9524887466170844,0.0453020811556503,0.0022091722272655,95.24887466170843,4.530208115565029,0.22091722272654993,0.8000448024617103,48.06280902590457,1.6000896049234206,9.19863775994652,2.400134407385131,6.199170159961499,0.1913878515712367,0.128980604454898,0.0
07 - m1_electrically_100_ohm_fault_half_speed.csv,59.96690806133155,3.244376873809081,0.0,0.9478664656178436,0.0497807954909796,0.0023527388911766,94.78664656178438,4.978079549097961,0.23527388911766006,0.7000392021539965,36.743348826098,1.400078404307993,14.716581726915615,2.1001176064619895,4.91969339173906,0.4005236919630676,0.133893440552286,0.0
07 - m1_electrically_100_ohm_fault_half_speed.csv,110.83215083921812,3.372949667672469,0.0,0.9581872740896236,0.0399221468415232,0.0018905790688531,95.81872740896237,3.9922146841523203,0.18905790688531002,0.7000392021539965,48.94658392422876,1.400078404307993,7.940582734237435,2.1001176064619895,4.669331524206526,0.1622295591972214,0.0953964740713026,0.0
07 - m1_electrically_100_ohm_fault_half_speed.csv,74.29076864448766,3.2669104509024653,0.0,0.978463867760037,0.0205896591477066,0.0009464730922563,97.84638677600371,2.0589659147706603,0.09464730922563001,0.6000336018462827,72.73017267906332,1.2000672036925655,10.40782053008144,1.800100805538848,6.747909891839076,0.1431018261981594,0.0927800614693382,0.0
07 - m1_electrically_100_ohm_fault_half_speed.csv,60.148575121278085,3.2587169990758773,0.0,0.9854137883833044,0.0139605147520719,0.0006256968646235,98.54137883833046,1.3960514752071902,0.06256968646235002,0.500028001538569,109.92015291037562,1.000056003077138,11.679895232299955,1.500084004615707,5.867156635944164,0.1062579965825126,0.0533765326975846,0.0
07 - m1_electrically_100_ohm_fault_half_speed.csv,51.07303650143423,3.2569646044152196,0.0,0.924777272431402,0.0717323435234282,0.0034903840451695,92.47772724314022,7.173234352342822,0.3490384045169501,0.6000336018462827,29.52739368829933,1.2000672036925655,16.281877757264127,1.800100805538848,5.638708077240375,0.5514160148755718,0.1909653163690772,0.0
07 - m1_electrically_100_ohm_fault_half_speed.csv,67.47687404542725,3.281237726531542,0.0,0.9494891911178516,0.0482316530165084,0.0022791558656398,94.94891911178517,4.823165301650841,0.22791558656398006,0.8000448024617103,42.34205488501104,1.6000896049234206,13.154999905721038,2.400134407385131,4.616345132009588,0.3106840218654071,0.1090250613614825,0.0
08 - m1_electrically_150_ohm_fault_half_speed.csv,39.62327042092237,3.273687304138477,0.0,0.8083152059689946,0.1818523400489399,0.0098324539820646,80.83152059689954,18.18523400489401,0.9832453982064608,0.7983553879102487,10.71751269233078,1.5967107758204975,5.847782085061882,2.395066163730746,2.113041572606076,0.5456286596466013,0.1971578325368462,0.0
08 - m1_electrically_150_ohm_fault_half_speed.csv,37.80313062662397,3.651952275750397,0.0,0.7301345457556624,0.2559934442663811,0.0138720099779555,73.01345457556633,25.599344426638137,1.3872009977955517,44.90749056995149,10.12452344595887,89.81498113990298,0.19308310862063022,134.72247170985446,0.2073426776860212,0.0190708342621003,0.0204792530525257,0.0
08 - m1_electrically_150_ohm_fault_half_speed.csv,23.144404726297356,3.0757903005737077,0.0,0.7999550244401293,0.1895994928294352,0.0104454827304347,79.99550244401298,18.959949282943533,1.0445482730434708,0.5987665409326866,19.30522384333628,1.197533081865373,6.46762145506145,1.7962996227980597,5.141337162071751,0.3350192418149,0.2663184433288207,0.0
08 - m1_electrically_150_ohm_fault_half_speed.csv,31.14602287051644,3.1416735717726887,0.0,0.7443962336446034,0.2425982593770849,0.0130055069783106,74.43962336446043,24.25982593770852,1.3005506978310615,0.9979442348878108,13.215355614283672,1.9958884697756216,3.8195036971792584,2.9938327046634323,2.143757541075661,0.2890201223984461,0.1622171664271073,0.0
08 - m1_electrically_150_ohm_fault_half_speed.csv,31.30651819094633,3.060482628594445,0.0,0.872613043517108,0.1209402905643168,0.0064466659185749,87.26130435171083,12.094029056431683,0.6446665918574902,0.5987665409326866,17.498457941793504,1.197533081865373,11.166379886434703,1.7962996227980597,5.074215656261922,0.6381350815928072,0.2899807327674635,0.0
08 - m1_electrically_150_ohm_fault_half_speed.csv,19.602863720079085,3.35458688944225,0.0,0.7314506890560283,0.2549372861212149,0.0136120248227558,73.1450689056029,25.493728612121515,1.3612024822755813,44.90749056995149,9.72745561293663,89.81498113990298,0.2746562337216045,134.72247170985446,0.3014865102998205,0.0282351567203593,0.0309933575948546,0.0
08 - m1_electrically_150_ohm_fault_half_speed.csv,13.674363944930787,3.573441747040529,0.0,0.7987019532397759,0.193397992677182,0.0079000540830394,79.8701953239778,19.339799267718252,0.7900054083039422,0.7000347217266623,5.912018030114388,1.4000694434533245,3.008701653069137,2.100104165179987,3.774847036533116,0.5089128006280663,0.6385039790651786,0.0
08 - m1_electrically_150_ohm_fault_half_speed.csv,20.425697430609706,3.5429275491659507,0.0,0.804603125817472,0.1882820840611581,0.0071147901213678,80.46031258174736,18.82820840611585,0.7114790121367816,0.5000248012333302,7.0645741392761625,1.0000496024666603,5.93347320897135,1.5000744036999905,4.251495893801609,0.8398911373841558,0.601804979321403,0.0
08 - m1_electrically_150_ohm_fault_half_speed.csv,12.49314735683275,3.3225955046360607,0.0,0.8246510058627325,0.1688861144742587,0.0064628796630067,82.46510058627342,16.8886114474259,0.6462879663006713,0.6000297614799962,7.1565750752758674,1.2000595229599924,4.34880032074607,1.8000892844399887,4.035573229485193,0.6076650178337486,0.5638972814561904,0.0
08 - m1_electrically_150_ohm_fault_half_speed.csv,16.721476657378346,4.255604347612414,0.0,0.8128846425692587,0.1808680083701037,0.0062473490606351,81.28846425692609,18.086800837010415,0.6247349060635116,1.0000496024666603,7.01723326339616,2.0000992049333206,3.3094683389051043,3.000148807399981,1.3144009810117985,0.4716201121841298,0.1873104301474599,0.0
08 - m1_electrically_150_ohm_fault_half_speed.csv,22.94901699711105,3.7477263116029267,0.0,0.7631211037146046,0.227470625869661,0.0094082704157323,76.31211037146062,22.747062586966145,0.9408270415732319,0.5000248012333302,7.002485646309124,1.0000496024666603,5.478047122728815,1.5000744036999905,2.8443637635031993,0.7823003715282428,0.4061934443239322,0.0
08 - m1_electrically_150_ohm_fault_half_speed.csv,14.757298823511094,3.3702870111715275,0.0,0.8971287200600624,0.0992501174272284,0.0036211625127077,89.71287200600636,9.925011742722855,0.36211625127077046,0.6000297614799962,13.004053443150392,1.2000595229599924,5.131591017831189,1.8000892844399887,2.0267356566546804,0.3946147284202485,0.1558541469792421,0.0
08 - m1_electrically_150_ohm_fault_half_speed.csv,28.311147626452964,3.420267341018133,0.0,0.8930594430329357,0.1028788686396601,0.0040616883274026,89.30594430329371,10.287886863966026,0.4061688327402606,0.5000248012333302,12.34596848631026,1.0000496024666603,7.00247811560948,1.5000744036999905,5.500266589972918,0.5671874282988919,0.4455111477136727,0.0
08 - m1_electrically_150_ohm_fault_half_speed.csv,19.53606719693658,3.9686752647377244,0.0,0.8864306929907109,0.1091585357741154,0.0044107712351723,88.64306929907121,10.915853577411555,0.4410771235172306,0.9000446422199944,11.09928701798143,1.8000892844399887,1.7234050958335607,2.700133926659983,2.9254585440056196,0.1552716938521865,0.2635717536870812,0.0
08 - m1_electrically_150_ohm_fault_half_speed.csv,15.703774754790985,3.829867976630317,0.0,0.827574927199347,0.1657813969909569,0.006643675809694,82.75749271993487,16.578139699095725,0.6643675809694014,0.5000248012333302,8.34300477866179,1.0000496024666603,4.980858935401672,1.5000744036999905,4.036008154237157,0.5970101980692617,0.4837595400352305,0.0
08 - m1_electrically_150_ohm_fault_half_speed.csv,19.495118340811253,3.757026791785448,0.0,0.8324302563174315,0.1611788494789099,0.0063908942036566,83.24302563174332,16.11788494789102,0.6390894203656613,1.1000545627133265,9.016958731994212,2.200109125426653,2.2048313093623713,3.300163688139979,1.5071981235258132,0.2445205057376087,0.1671514940151531,0.0
08 - m1_electrically_150_ohm_fault_half_speed.csv,18.017479757546496,3.470159572122639,0.0,0.8045494688092081,0.1871282466427467,0.0083222845480426,80.45494688092101,18.71282466427472,0.8322284548042622,0.5000248012333302,7.68880259296062,1.0000496024666603,4.154453262528475,1.5000744036999905,5.064901708891358,0.5403251302526649,0.6587373843527288,0.0
08 - m1_electrically_150_ohm_fault_half_speed.csv,18.429538148485545,3.888156597135515,0.0,0.8449237693726345,0.1486427608202895,0.0064334698070743,84.4923769372636,14.864276082028976,0.643346980707431,0.6000297614799962,7.952120676398243,1.2000595229599924,5.0850113092711124,1.8000892844399887,5.980439149850981,0.6394534887232457,0.7520558846146314,0.0
08 - m1_electrically_150_ohm_fault_half_speed.csv,14.34452504905376,3.5590873445143827,0.0,0.8639213672917962,0.130851549610129,0.005227083098073,86.39213672917978,13.085154961012922,0.5227083098073009,1.0000496024666603,7.876059345716363,2.0000992049333206,4.214039881707733,3.000148807399981,2.1301584066749575,0.5350442012603255,0.2704599233160311,0.0
08 - m1_electrically_150_ohm_fault_half_speed.csv,14.346709223967633,3.6652388730398644,0.0,0.8320347591208447,0.1615845845779134,0.0063806563012396,83.20347591208467,16.15845845779138,0.6380656301239614,0.6000297614799962,7.096968016255415,1.2000595229599924,4.948809953994505,1.8000892844399887,3.053185203470556,0.6973132671106012,0.4302098017741262,0.0
09 - m1_electrically_50_ohm_fault_load_0.5Nm_half_speed.csv,50.22833262834041,3.693502502576784,0.0,0.8525166151066632,0.1402338615905297,0.0072495233028065,85.25166151066638,14.02338615905298,0.7249523302806504,1.2075520303787155,14.035451955367693,2.415104060757431,5.42242363332416,3.6226560911361467,2.4528844245394112,0.3863376577090144,0.1747634798180713,0.0
09 - m1_electrically_50_ohm_fault_load_0.5Nm_half_speed.csv,58.06332202014004,3.4697596481524235,0.0,0.9457238553282996,0.051636191527993,0.002639953143707,94.57238553282998,5.163619152799302,0.2639953143707001,0.5000280015679318,36.66751855295014,1.0000560031358636,22.06967422838704,1.5000840047037953,10.748551371389613,0.6018862224482706,0.293135499634862,0.0
09 - m1_electrically_50_ohm_fault_load_0.5Nm_half_speed.csv,59.03051102939838,3.3586716261686997,0.0,0.909689641948654,0.0864069104909105,0.003903447560435,90.96896419486544,8.640691049091053,0.39034475604350016,0.5000280015679318,30.28583436836549,1.0000560031358636,9.664414485938558,1.5000840047037953,4.300753328918614,0.3191067602229689,0.1420054430929229,0.0
09 - m1_electrically_50_ohm_fault_load_0.5Nm_half_speed.csv,58.772961376610894,3.2902339550505975,0.0,0.9291888983164114,0.0674601196747949,0.0033509820087932,92.91888983164118,6.746011967479492,0.33509820087932013,0.9000504028751305,23.672446586705533,1.800100805750261,4.805611411410429,2.7001512086253916,5.392415440708179,0.2030044251576964,0.2277929077147676,0.0
09 - m1_electrically_50_ohm_fault_load_0.5Nm_half_speed.csv,71.65537515893814,3.6187288182176043,0.0,0.8627798832086431,0.1308270081125134,0.0063931086788428,86.27798832086438,13.082700811251351,0.6393108678842805,0.9000504028751305,20.325035920906316,1.800100805750261,4.77202939717638,2.7001512086253916,3.7075312447196285,0.2347857792599458,0.182412038982232,0.0
09 - m1_electrically_50_ohm_fault_load_0.5Nm_half_speed.csv,58.03211996105985,3.164324343020371,0.0,0.9536511944962012,0.044070946532063,0.0022778589717358,95.36511944962012,4.4070946532063,0.22778589717358,0.900050402769424,27.99021123703706,1.800100805538848,7.747226660377721,2.700151208308272,2.8534658896568095,0.2767834295629208,0.1019451359438496,0.0
09 - m1_electrically_50_ohm_fault_load_0.5Nm_half_speed.csv,59.448899816085984,3.461478358670814,0.0,0.9483111755521112,0.0494052469098253,0.002283577538063,94.83111755521118,4.940524690982532,0.22835775380630016,0.8000448025556716,34.03834031629522,1.6000896051113431,6.917310505443797,2.400134407667015,5.6563519953898584,0.2032211453662523,0.1661759046660094,0.0
09 - m1_electrically_50_ohm_fault_load_0.5Nm_half_speed.csv,78.71356434972206,3.619166563118761,0.0,0.9062220823578814,0.0892566266459816,0.0045212909961368,90.62220823578815,8.92566266459816,0.4521290996136801,1.0000560031945895,24.169247586789787,2.000112006389179,5.832797116407586,3.000168009583769,3.8110905312846386,0.2413313486678677,0.1576834577741539,0.0
09 - m1_electrically_50_ohm_fault_load_0.5Nm_half_speed.csv,52.76681537110409,3.507728530282524,0.0,0.96587458784623,0.0325572815182642,0.0015681306355057,96.58745878462302,3.2557281518264207,0.15681306355057004,0.7000392022362126,44.58562381402098,1.4000784044724253,7.901387951730535,2.100117606708638,4.31904095809837,0.1772182886728112,0.0968707082828826,0.0
09 - m1_electrically_50_ohm_fault_load_0.5Nm_half_speed.csv,41.68113428502882,3.3616696325576454,0.0,0.9316353830965352,0.065217509459514,0.0031471074439505,93.16353830965355,6.5217509459514025,0.31471074439505015,0.500028001538569,41.50840981909205,1.000056003077138,25.882257669094027,1.500084004615707,3.0700588596673914,0.6235425009509596,0.0739623337306287,0.0
09 - m1_electrically_50_ohm_fault_load_0.5Nm_half_speed.csv,70.75008461018001,3.851425503060278,0.0,0.9297144873181944,0.0669307891327187,0.0033547235490866,92.97144873181946,6.693078913271873,0.3354723549086601,0.8000448024617103,24.295456930413945,1.6000896049234206,11.324786773811969,2.400134407385131,7.171557477659153,0.4661277541001991,0.2951810084576567,0.0
09 - m1_electrically_50_ohm_fault_load_0.5Nm_half_speed.csv,67.82887778356599,3.3542031106076022,0.0,0.9467249856967548,0.0507656663884191,0.0025093479148258,94.67249856967551,5.076566638841912,0.25093479148258013,0.6000336018462827,38.88732912644947,1.2000672036925655,12.116784167811238,1.800100805538848,2.38181827502315,0.3115869472138658,0.0612492122376988,0.0
09 - m1_electrically_50_ohm_fault_load_0.5Nm_half_speed.csv,64.1549430452284,3.3343279220605546,0.0,0.9115208943286992,0.0841867704418137,0.0042923352294865,91.15208943286997,8.418677044181376,0.42923352294865025,0.500028001538569,38.52193475396344,1.000056003077138,9.21675845340381,1.500084004615707,8.091315118847016,0.2392600089344037,0.2100443596752242,0.0
09 - m1_electrically_50_ohm_fault_load_0.5Nm_half_speed.csv,71.1305389266254,3.6059939649445982,0.0,0.9564557201355296,0.0414862260645708,0.0020580537998994,95.64557201355298,4.148622606457081,0.20580537998994006,0.8000448024617103,46.77376016481617,1.6000896049234206,5.82724225404433,2.400134407385131,6.147789186840017,0.1245835749255767,0.1314367107792301,0.0
09 - m1_electrically_50_ohm_fault_load_0.5Nm_half_speed.csv,48.122073704153415,3.489341605302257,0.0,0.8796833757143441,0.1146433941686556,0.0056732301169994,87.96833757143449,11.46433941686557,0.5673230116999406,0.900050402769424,20.24003003966929,1.800100805538848,5.8930892859089345,2.700151208308272,3.970937412797162,0.2911601057092712,0.196192268737465,0.0
09 - m1_electrically_50_ohm_fault_load_0.5Nm_half_speed.csv,72.25005195390565,3.2493943805408496,0.0,0.9266161148926108,0.0699560515324492,0.0034278335749397,92.6616114892611,6.995605153244923,0.3427833574939701,0.6000336018462827,29.08891594717074,1.2000672036925655,17.257609554655346,1.800100805538848,6.577043475382238,0.593270975996404,0.2261013606463371,0.0
09 - m1_electrically_50_ohm_fault_load_0.5Nm_half_speed.csv,70.53963779566918,3.5391903745215694,0.0,0.9128495226434116,0.0830642817560997,0.0040861956004882,91.28495226434121,8.306428175609975,0.4086195600488202,0.500028001538569,24.5362182684805,1.000056003077138,18.489239010363235,1.500084004615707,11.519019443361792,0.7535488479948321,0.4694700429103719,0.0
09 - m1_electrically_50_ohm_fault_load_0.5Nm_half_speed.csv,45.59360679665318,3.6919615824410874,0.0,0.9436336273800224,0.0535953301285441,0.0027710424914329,94.3633627380023,5.3595330128544125,0.2771042491432902,0.7000392021539965,36.27257259056839,1.400078404307993,9.869316644330585,2.1001176064619895,7.531079896907132,0.2720875840743871,0.2076246419550999,0.0
09 - m1_electrically_50_ohm_fault_load_0.5Nm_half_speed.csv,120.98904317995056,3.2867679675141113,0.0,0.94980314419696,0.047861585835686,0.0023352699673536,94.98031441969604,4.786158583568602,0.23352699673536012,0.500028001538569,38.653806646877214,1.000056003077138,27.051418102576772,1.500084004615707,5.8893347638483275,0.6998383975401351,0.1523610550870316,0.0
10 - m1_electrically_100_ohm_fault_load_0.5Nm_half_speed.csv,26.591441718959054,3.681437688226593,0.0,0.8719645264795579,0.1226656530591717,0.0053698204612696,87.19645264795587,12.26656530591718,0.5369820461269604,1.200148818389032,20.86172285761396,2.400297636778064,3.006545713479843,3.6004464551670963,2.1067138458970724,0.1441178053222261,0.1009846531025207,0.0
10 - m1_electrically_100_ohm_fault_load_0.5Nm_half_speed.csv,55.549222292715314,3.4324160312475906,0.0,0.9141410793063492,0.0819388535793066,0.003920067114344,91.41410793063494,8.193885357930661,0.3920067114344,0.5000620076620966,23.53525092264625,1.0001240153241933,18.842761870221814,1.50018602298629,9.029241310751337,0.8006186945766023,0.3836475481152894,0.0
10 - m1_electrically_100_ohm_fault_load_0.5Nm_half_speed.csv,82.17881089004247,3.483547256350947,0.0,0.951961916654332,0.0461106570154281,0.0019274263302399,95.1961916654332,4.6110657015428105,0.19274263302399,0.8000992122593545,34.843386093152425,1.600198424518709,16.689990238215714,2.4002976367780637,4.288727811538549,0.4790002381971626,0.1230858504989384,0.0
10 - m1_electrically_100_ohm_fault_load_0.5Nm_half_speed.csv,74.20906900574352,3.15892925808084,0.0,0.8115904148301122,0.1798119082508224,0.0085976769190649,81.15904148301126,17.98119082508225,0.8597676919064905,1.3001612199214512,13.613607510598866,2.6003224398429023,5.206773390293646,3.9004836597643537,2.557570184352591,0.3824683050572683,0.1878686587931521,0.0
10 - m1_electrically_100_ohm_fault_load_0.5Nm_half_speed.csv,69.5709366280513,3.2675056004439544,0.0,0.9362906147252388,0.0607405686634119,0.0029688166113492,93.62906147252389,6.0740568663411905,0.29688166113492004,0.5000620076620966,36.50311534513862,1.0001240153241933,16.534437516816784,1.50018602298629,9.333023757665824,0.4529596271573789,0.2556774584695487,0.0
10 - m1_electrically_100_ohm_fault_load_0.5Nm_half_speed.csv,29.044256710382182,3.52542523579622,0.0,0.8752383953817576,0.119361609049383,0.0053999955688586,87.52383953817584,11.93616090493831,0.5399995568858604,0.5000620076620966,23.14857672635993,1.0001240153241933,9.143716197058875,1.50018602298629,14.752980863295951,0.3950012264316307,0.6373169736390886,0.0
10 - m1_electrically_100_ohm_fault_load_0.5Nm_half_speed.csv,28.68403359317813,3.189768007546854,0.0,0.8769462828601368,0.1171433396572883,0.0059103774825745,87.69462828601372,11.714333965728835,0.5910377482574503,0.6000744091945159,21.91937001064688,1.2001488183890319,5.631681033041301,1.800223227583548,10.351894102529073,0.2569271393432306,0.4722715159012716,0.0
10 - m1_electrically_100_ohm_fault_load_0.5Nm_half_speed.csv,56.92515615781015,3.226423527142213,0.0,0.9019843058152428,0.093898103089144,0.0041175910956127,90.19843058152432,9.389810308914402,0.4117591095612702,0.6000744091945159,24.423545425723944,1.2001488183890319,13.801017656148915,1.800223227583548,10.20944896415287,0.5650701982691293,0.4180166632728037,0.0
10 - m1_electrically_100_ohm_fault_load_0.5Nm_half_speed.csv,83.20291214372885,3.5756266556695504,0.0,0.859265081582067,0.1345552821681669,0.0061796362497657,85.92650815820673,13.455528216816695,0.6179636249765702,0.5000620076620966,18.73631247057038,1.0001240153241933,7.195604048780637,1.50018602298629,9.925023976004086,0.3840459033805591,0.5297213094408829,0.0
10 - m1_electrically_100_ohm_fault_load_0.5Nm_half_speed.csv,57.21962929338835,3.7098824780407744,0.0,0.9350853575942364,0.0617643274570181,0.0031503149487449,93.5085357594237,6.176432745701814,0.3150314948744902,0.5000620076620966,41.007650461898045,1.0001240153241933,13.700097326772433,1.50018602298629,10.9067691498896,0.3340863758947072,0.2659691308094704,0.0
10 - m1_electrically_100_ohm_fault_load_0.5Nm_half_speed.csv,41.2943795587311,3.440693688648281,0.0,0.9210540559747076,0.0752967209034542,0.0036492231218377,92.10540559747082,7.529672090345424,0.36492231218377025,0.5000620076620966,31.198195737041903,1.0001240153241933,9.07709211735245,1.50018602298629,13.959671809740337,0.2909492649465987,0.4474512541494793,0.0
10 - m1_electrically_100_ohm_fault_load_0.5Nm_half_speed.csv,78.59697762801157,3.513066107067691,0.0,0.8573748822833663,0.1363593207134502,0.0062657970031831,85.73748822833666,13.635932071345024,0.6265797003183102,0.5000620076620966,22.55004338270233,1.0001240153241933,5.7077413295312915,1.50018602298629,9.620488701147233,0.2531144278821912,0.4266283899270415,0.0
10 - m1_electrically_100_ohm_fault_load_0.5Nm_half_speed.csv,60.77113716156174,3.7225141207301404,0.0,0.8788924758075677,0.1158649544543009,0.0052425697381309,87.88924758075682,11.586495445430096,0.5242569738130903,0.5000620076620966,23.559587114156248,1.0001240153241933,13.519836653505795,1.50018602298629,6.454102241528561,0.57385711336945,0.27394801998251,0.0
10 - m1_electrically_100_ohm_fault_load_0.5Nm_half_speed.csv,40.15820944484878,3.4209903202550964,0.0,0.8616240226521041,0.1318310015199522,0.0065449758279427,86.1624022652105,13.183100151995232,0.6544975827942707,1.7002108260511284,13.495236259528928,3.4004216521022568,4.443491824177918,5.100632478153385,2.1367425941972735,0.3292637297135415,0.1583331001477302,0.0
10 - m1_electrically_100_ohm_fault_load_0.5Nm_half_speed.csv,45.787020758047376,3.273132781825417,0.0,0.8972435503837303,0.0981287851853848,0.0046276644308845,89.72435503837308,9.812878518538483,0.4627664430884502,0.7000868107269352,21.790219753231103,1.4001736214538705,13.302582567313749,2.100260432180806,5.287046050511413,0.6104840941469263,0.2426339022912992,0.0
10 - m1_electrically_100_ohm_fault_load_0.5Nm_half_speed.csv,62.46107890707935,3.2552903027130866,0.0,0.8741078871466761,0.1195620879686446,0.0063300248846787,87.41078871466765,11.956208796864468,0.6330024884678703,0.5000620076620966,19.13578760407117,1.0001240153241933,9.267131686703527,1.50018602298629,11.862889037921525,0.4842827417634971,0.6199321022667328,0.0
10 - m1_electrically_100_ohm_fault_load_0.5Nm_half_speed.csv,40.00713305791962,3.3356631024311256,0.0,0.8199965029782876,0.171373849467078,0.0086296475546338,81.99965029782881,17.13738494670781,0.8629647554633804,0.7000868107269352,14.349710093834585,1.4001736214538705,5.767114004416355,2.100260432180806,9.680587474893127,0.4018975970040134,0.6746190279518214,0.0
10 - m1_electrically_100_ohm_fault_load_0.5Nm_half_speed.csv,34.74245647651319,2.949849518540859,0.0,0.9078034440997528,0.0882655654017363,0.0039309904985107,90.78034440997529,8.826556540173632,0.39309904985107014,0.5000620076620966,24.007076548022333,1.0001240153241933,12.898657468321023,1.50018602298629,16.574374342815933,0.5372856391955644,0.6903953636196201,0.0
10 - m1_electrically_100_ohm_fault_load_0.5Nm_half_speed.csv,37.83383687022248,3.0693810157921058,0.0,0.8982079278299954,0.0967575516925656,0.0050345204774388,89.82079278299955,9.675755169256561,0.5034520477438801,0.5000620076620966,38.46610299030692,1.0001240153241933,10.760638962597186,1.50018602298629,9.211708303258048,0.2797434137091756,0.2394759954128784,0.0
10 - m1_electrically_100_ohm_fault_load_0.5Nm_half_speed.csv,43.97185154355025,3.2529461223947287,0.0,0.9005870766967304,0.0947984934474648,0.0046144298558045,90.05870766967305,9.479849344746482,0.4614429855804501,0.5000620076620966,31.484252465560655,1.0001240153241933,13.996714980036804,1.50018602298629,7.187353519497546,0.4445624045019726,0.2282840771703092,0.0
11 - m1_mechanically_imbalanced_electrically_50_ohm_fault_half_speed.csv,52.415874787512735,3.2631451215836065,0.0,0.8037971800421867,0.1873379371508038,0.0088648828070088,80.37971800421873,18.733793715080395,0.8864882807008805,0.8137742687826077,13.5057692050863,1.6275485375652154,6.917197429511986,2.441322806347823,5.811573633216989,0.5121661213422005,0.430303046421698,0.0
11 - m1_mechanically_imbalanced_electrically_50_ohm_fault_half_speed.csv,19.178092900783337,3.4149530860300854,0.0,0.7783047100093253,0.2118808555878476,0.0098144344028263,77.83047100093259,21.188085558784778,0.9814434402826309,0.7105277475289282,13.777542953592093,1.4210554950578564,9.13015026275156,2.1315832425867844,3.580466858850421,0.6626834910626164,0.2598770238576479,0.0
11 - m1_mechanically_imbalanced_electrically_50_ohm_fault_half_speed.csv,29.7033128315931,3.681344118588499,0.0,0.7855928108096019,0.2048821796650363,0.0095250095253609,78.55928108096026,20.488217966503647,0.9525009525360909,0.6090237835962242,12.797331761996622,1.2180475671924484,5.878299212395389,1.8270713507886727,8.269680336064805,0.4593378777482178,0.6462034813087147,0.0
11 - m1_mechanically_imbalanced_electrically_50_ohm_fault_half_speed.csv,19.704870060378877,3.3867773451073324,0.0,0.757008822502296,0.2324185628618737,0.0105726146358296,75.70088225022965,23.24185628618739,1.057261463582961,1.4210554950578564,9.729644317266525,2.842110990115713,7.373331973262293,4.263166485173569,2.3511174366657794,0.7578213275666565,0.2416447467142673,0.0
11 - m1_mechanically_imbalanced_electrically_50_ohm_fault_half_speed.csv,43.41624058083493,3.0630915697514958,0.0,0.8027431398400344,0.1885042429033454,0.0087526172566196,80.27431398400348,18.850424290334548,0.8752617256619604,1.0150396393270402,16.350354553866843,2.0300792786540804,4.030846622825791,3.045118917981121,3.5380654943195444,0.2465296155839324,0.2163907505897354,0.0
11 - m1_mechanically_imbalanced_electrically_50_ohm_fault_half_speed.csv,51.35631793179552,3.1255639451616584,0.0,0.7936679884226968,0.1974435077897552,0.0088885037875473,79.36679884226974,19.744350778975534,0.8888503787547306,0.7105277475289282,15.75957044826652,1.4210554950578564,4.872338258981177,2.1315832425867844,8.23960251246212,0.3091669455697069,0.5228316685096223,0.0
11 - m1_mechanically_imbalanced_electrically_50_ohm_fault_half_speed.csv,46.47552524406491,3.281081019278677,0.0,0.8065935233310138,0.1849318136885134,0.0084746629804724,80.65935233310142,18.49318136885135,0.8474662980472404,0.5075198196635201,18.348697247997112,1.0150396393270402,10.790222960329798,1.5225594589905604,3.6195871564599607,0.5880647990694612,0.1972667109570988,0.0
11 - m1_mechanically_imbalanced_electrically_50_ohm_fault_half_speed.csv,19.41414779801525,3.876669519323744,0.0,0.8429978659658663,0.150425801992065,0.0065763320420683,84.29978659658666,15.042580199206506,0.6576332042068302,0.5075198196635201,16.927288799089144,1.0150396393270402,13.996730737197186,1.5225594589905604,8.26934118355498,0.8268737482608762,0.4885213031870735,0.0
11 - m1_mechanically_imbalanced_electrically_50_ohm_fault_half_speed.csv,29.218022538286565,3.3366585893345757,0.0,0.7973131408359481,0.1939363033541255,0.0087505558099257,79.73131408359487,19.393630335412567,0.8750555809925706,0.7105277475289282,13.263668056256344,1.4210554950578564,7.494027523377089,2.1315832425867844,4.199323123788201,0.5650041520635183,0.3166034543368582,0.0
11 - m1_mechanically_imbalanced_electrically_50_ohm_fault_half_speed.csv,42.60979348792135,3.2191905698522616,0.0,0.8495555942626688,0.1437151460187912,0.0067292597185395,84.95555942626692,14.371514601879127,0.6729259718539503,0.5000248012295824,20.783844308377684,1.0000496024591647,12.79419414987272,1.500074403688747,10.650197216434826,0.6155836215880214,0.5124267223336482,0.0
11 - m1_mechanically_imbalanced_electrically_50_ohm_fault_half_speed.csv,35.05632580988265,3.013829050817413,0.0,0.7739381909773649,0.2157200242271661,0.0103417847954681,77.39381909773657,21.57200242271663,1.034178479546811,1.095432484713972,12.170923850627451,2.190864969427944,2.0102477031249624,3.2862974541419163,1.4554702389222187,0.1651680454003767,0.1195858471209796,0.0
11 - m1_mechanically_imbalanced_electrically_50_ohm_fault_half_speed.csv,24.752799842102583,3.6670537986488823,0.0,0.7447309998161462,0.2427583139626388,0.0125106862212139,74.47309998161471,24.27583139626391,1.2510686221213914,0.5975086280258028,12.577241576875592,1.1950172560516057,4.573709452188982,1.7925258840774085,6.855103710934091,0.3636496464056288,0.5450403150033968,0.0
11 - m1_mechanically_imbalanced_electrically_50_ohm_fault_half_speed.csv,25.76066842568712,3.1477550146021307,0.0,0.719461832309321,0.2675538783538784,0.0129842893367997,71.94618323093216,26.755387835387864,1.2984289336799713,0.6970933993634367,10.180752025327088,1.3941867987268735,7.857216559367017,2.09128019809031,5.421877284757728,0.7717717256859107,0.5325615702326797,0.0
11 - m1_mechanically_imbalanced_electrically_50_ohm_fault_half_speed.csv,16.529115858388234,3.1839778886370733,0.0,0.823383241003885,0.1682058592739836,0.0084108997221307,82.33832410038856,16.82058592739837,0.8410899722130706,0.7966781707010705,13.539041368493752,1.593356341402141,9.355420700660666,2.3900345121032114,3.4355923407178537,0.6909957984493165,0.2537544754618082,0.0
11 - m1_mechanically_imbalanced_electrically_50_ohm_fault_half_speed.csv,19.888418044988875,3.591057399312429,0.0,0.7979603122832292,0.1929522773051966,0.0090874104115734,79.79603122832299,19.295227730519677,0.9087410411573407,0.5975086280258028,14.202091932606509,1.1950172560516057,9.244362710686394,1.7925258840774085,7.553373126981748,0.6509155661401057,0.5318493333816547,0.0
11 - m1_mechanically_imbalanced_electrically_50_ohm_fault_half_speed.csv,32.82936789067148,3.6367420930903656,0.0,0.8218477073372487,0.169751390620628,0.0084009020421229,82.1847707337249,16.97513906206281,0.8400902042122905,1.1950172560516057,13.91351468711552,2.3900345121032114,7.132144238981011,3.585051768154817,2.0082598053915772,0.5126055061835431,0.1443387850268565,0.0
11 - m1_mechanically_imbalanced_electrically_50_ohm_fault_half_speed.csv,23.607452839019174,3.556159227497823,0.0,0.8030427952223333,0.1878747949685963,0.0090824098090695,80.3042795222334,18.787479496859646,0.9082409809069508,0.7966781707010705,13.930411150384176,1.593356341402141,8.307040306827483,2.3900345121032114,5.962672139344293,0.5963241297869654,0.4280327461246435,0.0
11 - m1_mechanically_imbalanced_electrically_50_ohm_fault_half_speed.csv,32.4013003913729,3.1516942301150035,0.0,0.769650633845586,0.2198886528001564,0.0104607133542569,76.96506338455865,21.988865280015656,1.0460713354256908,2.190864969427944,13.966012271181466,4.381729938855888,0.9577231548067696,6.572594908283833,1.5674473016476873,0.0685752766223046,0.1122329890030297,0.0
11 - m1_mechanically_imbalanced_electrically_50_ohm_fault_half_speed.csv,23.202059658939067,3.3641367050148774,0.0,0.6713155643107576,0.3136623816245418,0.0150220540646994,67.13155643107584,31.36623816245422,1.5022054064699417,44.813147101935215,9.190744274136328,89.62629420387043,0.5421067416192806,134.43944130580564,0.217528862421933,0.0589839870906672,0.0236682531831596,0.0
11 - m1_mechanically_imbalanced_electrically_50_ohm_fault_half_speed.csv,22.10140768089752,3.163848545512589,0.0,0.7539570573221093,0.2340915730948525,0.0119513695830376,75.39570573221098,23.409157309485266,1.195136958303761,0.8962629420387043,11.661865424790037,1.7925258840774085,6.311619845257369,2.688788826116113,3.3147833891850684,0.5412187171908653,0.2842412657359874,0.0
11 - m1_mechanically_imbalanced_electrically_50_ohm_fault_half_speed.csv,24.368891720603425,3.4356278185853224,0.0,0.7889182917211162,0.2019260367073474,0.0091556715715356,78.89182917211167,20.192603670734755,0.9155671571535607,1.2946020273892396,13.82064976389944,2.589204054778479,4.5166882115024105,3.8838060821677187,2.9872344533073423,0.3268072260466606,0.2161428373006181,0.0
11 - m1_mechanically_imbalanced_electrically_50_ohm_fault_half_speed.csv,19.221909737333466,3.073333345036962,0.0,0.7739636474466018,0.2155581898409454,0.010478162712452,77.39636474466025,21.555818984094554,1.0478162712452006,0.7966781707010705,16.35011168958475,1.593356341402141,5.580580526357241,2.3900345121032114,3.619504683930077,0.3413175782714774,0.2213749210187813,0.0
11 - m1_mechanically_imbalanced_electrically_50_ohm_fault_half_speed.csv,31.273657784538518,3.55092524925704,0.0,0.6787073187236712,0.306622653732011,0.0146700275443166,67.8707318723672,30.662265373201137,1.467002754431662,0.7966781707010705,11.371243821652923,1.593356341402141,3.794171813192531,2.3900345121032114,4.948519500897328,0.3336637462621051,0.4351783831663555,0.0
11 - m1_mechanically_imbalanced_electrically_50_ohm_fault_half_speed.csv,31.812677742595994,3.120698440565326,0.0,0.7385062173451409,0.2499029666827031,0.0115908159721549,73.85062173451418,24.99029666827034,1.1590815972154913,0.8962629420387043,10.876688381238909,1.7925258840774085,4.759062768286159,2.688788826116113,6.894737182025276,0.437547036512972,0.6339004061123916,0.0
11 - m1_mechanically_imbalanced_electrically_50_ohm_fault_half_speed.csv,24.610706505677708,3.3817502982375456,0.0,0.6993008324556067,0.2870980535326287,0.013601114011764,69.93008324556071,28.709805353262887,1.3601114011764008,44.813147101935215,10.306274340024778,89.62629420387043,0.4961679520631508,134.43944130580564,0.28657998962524694,0.0481423194933076,0.0278063614619983,0.0
11 - m1_mechanically_imbalanced_electrically_50_ohm_fault_half_speed.csv,39.26495049239598,3.4162601714591405,0.0,0.8208771243890617,0.1710773401004572,0.0080455355104806,82.08771243890621,17.10773401004573,0.8045535510480605,0.7966781707129628,17.269483034421764,1.5933563414259255,8.755384138436341,2.390034512138888,5.307222586995341,0.5069858849268963,0.3073179768275005,0.0
11 - m1_mechanically_imbalanced_electrically_50_ohm_fault_half_speed.csv,36.20541472878269,3.4268485391629655,0.0,0.7752670415836532,0.2137842826850694,0.0109486757312766,77.52670415836538,21.37842826850696,1.094867573127661,0.597508628034722,12.28990244671771,1.195017256069444,10.155226198449695,1.7925258841041662,8.416973070370467,0.8263064936826958,0.6848689895515326,0.0
11 - m1_mechanically_imbalanced_electrically_50_ohm_fault_half_speed.csv,34.661378543305865,3.2468269034430173,0.0,0.7884487084289162,0.2019175560741481,0.0096337354969351,78.84487084289167,20.19175560741482,0.9633735496935105,0.8962629420520831,14.059335430355995,1.7925258841041662,7.401095329115084,2.6887888261562494,3.4122137557732906,0.5264185754566411,0.2427009279831152,0.0
12 - m1_mechanically_imbalanced_electrically_100_ohm_fault_half_speed.csv,36.82819407413911,3.2906988269079194,0.0,0.897785528642983,0.0987407485389,0.0034737228181167,89.77855286429832,9.87407485389,0.34737228181167007,0.9001116138972695,34.80215314464722,1.800223227794539,8.132025525519625,2.7003348416918085,2.992088345598494,0.2336644371318267,0.0859742307656242,0.0
12 - m1_mechanically_imbalanced_electrically_100_ohm_fault_half_speed.csv,51.05174885791645,3.120092522028322,0.0,0.9559488396515624,0.0426178579469009,0.0014333024015364,95.59488396515627,4.261785794690092,0.14333024015364007,0.7000868107269352,51.27429486471712,1.4001736214538705,11.07510170320938,2.100260432180806,4.609181713830044,0.2159971528117568,0.0898926396938462,0.0
12 - m1_mechanically_imbalanced_electrically_100_ohm_fault_half_speed.csv,89.13542497621094,3.1241691312088267,0.0,0.9190121957712604,0.0785116542221524,0.0024761500065869,91.90121957712608,7.851165422215243,0.24761500065869013,0.8000992123531284,37.45890381535151,1.6001984247062568,8.938186855165045,2.4002976370593854,2.8777884180894207,0.2386131452010609,0.0768252171039249,0.0
12 - m1_mechanically_imbalanced_electrically_100_ohm_fault_half_speed.csv,82.21166424306085,3.301846779561032,0.0,0.9258291023124788,0.0717193340813235,0.0024515636061975,92.5829102312479,7.171933408132352,0.24515636061975007,0.9001116138972695,32.927084645330346,1.800223227794539,9.040264749710698,2.7003348416918085,4.17756415664597,0.274554059282402,0.1268731866681803,0.0
12 - m1_mechanically_imbalanced_electrically_100_ohm_fault_half_speed.csv,62.8975776773793,3.321856349625892,0.0,0.960991522880498,0.0378447332088776,0.0011637439106242,96.09915228804982,3.7844733208877606,0.11637439106242002,0.9001116137917738,53.49056723827227,1.8002232275835477,9.601261315086694,2.7003348413753216,2.309479967833672,0.1794944755832956,0.043175462274426,0.0
12 - m1_mechanically_imbalanced_electrically_100_ohm_fault_half_speed.csv,59.27562545759268,3.2581740565616646,0.0,0.954771976835536,0.0438269264721566,0.0014010966923071,95.47719768355363,4.382692647215661,0.14010966923071003,0.7000868107269352,60.61496528261519,1.4001736214538705,5.43265136117882,2.100260432180806,2.826500789745076,0.0896255790273783,0.0466304117566778,0.0
12 - m1_mechanically_imbalanced_electrically_100_ohm_fault_half_speed.csv,44.782019935275926,3.1930655280579696,0.0,0.9144200686356112,0.0827469703021577,0.0028329610622309,91.44200686356113,8.274697030215773,0.28329610622309004,1.0001240154414106,30.5583126681278,2.000248030882821,3.252326831418161,3.000372046324232,2.5136901632865425,0.1064301837192184,0.0822588010858437,0.0
12 - m1_mechanically_imbalanced_electrically_100_ohm_fault_half_speed.csv,48.93247472542066,3.1568017697942863,0.0,0.936340730398958,0.0616465870740103,0.0020126825270314,93.63407303989584,6.164658707401032,0.20126825270314005,0.8000992122593545,42.53093569550612,1.600198424518709,2.0373987395773323,2.4002976367780637,2.1666027542988497,0.0479039246670655,0.0509418078598204,0.0
12 - m1_mechanically_imbalanced_electrically_100_ohm_fault_half_speed.csv,98.73195033806674,3.5130202345889336,0.0,0.9275117988574962,0.069990979596484,0.0024972215460197,92.75117988574962,6.9990979596484,0.24972215460197,0.8000992122593545,42.86250884090507,1.600198424518709,4.9804751593551835,2.4002976367780637,3.61197592710122,0.1161965385143801,0.0842688873044733,0.0
12 - m1_mechanically_imbalanced_electrically_100_ohm_fault_half_speed.csv,60.36134028585058,3.465356290791366,0.0,0.9493883985636206,0.048973291010278,0.0016383104261014,94.93883985636205,4.8973291010278,0.16383104261014,0.8000992122593545,47.399263873793736,1.600198424518709,8.443960376970631,2.4002976367780637,6.201930603622808,0.1781453906004468,0.1308444498238664,0.0
12 - m1_mechanically_imbalanced_electrically_100_ohm_fault_half_speed.csv,54.847908275141066,3.4597290750404834,0.0,0.9297652628231816,0.0680090034385838,0.0022257337382343,92.97652628231818,6.800900343858382,0.22257337382343004,0.7000868108089874,37.66537570081426,1.4001736216179748,7.208116776943271,2.1002604324269623,4.0029924893992,0.1913724911228602,0.1062777793907061,0.0
12 - m1_mechanically_imbalanced_electrically_100_ohm_fault_half_speed.csv,42.74072837019058,3.403879396583986,0.0,0.9007341738647624,0.095888489188291,0.0033773369469464,90.07341738647625,9.588848918829102,0.33773369469464004,1.0001240153241933,29.2845324071838,2.0002480306483865,8.67157178703261,3.00037204597258,2.361546746849817,0.2961144015024595,0.080641436032303,0.0
12 - m1_mechanically_imbalanced_electrically_100_ohm_fault_half_speed.csv,106.92133360389398,3.3320640010770672,0.0,0.9434908185126788,0.0547314736878531,0.0017777077994679,94.3490818512679,5.473147368785311,0.17777077994679003,0.8000992122593545,49.91296729450491,1.600198424518709,6.750012001694438,2.4002976367780637,3.3753073903688566,0.1352356385038557,0.0676238575529541,0.0
12 - m1_mechanically_imbalanced_electrically_100_ohm_fault_half_speed.csv,74.31521009055604,3.582097222585566,0.0,0.9323315743396354,0.0654741325049371,0.0021942931554272,93.23315743396357,6.547413250493712,0.2194293155427201,0.8000992122593545,47.802896820460745,1.600198424518709,4.259725265406201,2.4002976367780637,4.886112470650191,0.0891101909870646,0.1022137317117322,0.0
12 - m1_mechanically_imbalanced_electrically_100_ohm_fault_half_speed.csv,57.22664373095223,3.5329026370041383,0.0,0.936081131747117,0.0618234328990424,0.0020954353538403,93.60811317471173,6.182343289904241,0.2095435353840301,0.8000992122593545,38.6571789431314,1.600198424518709,10.28214837568033,2.4002976367780637,3.9564610578381703,0.2659828952031499,0.1023473819354103,0.0
12 - m1_mechanically_imbalanced_electrically_100_ohm_fault_half_speed.csv,91.64724085103536,3.335802798999655,0.0,0.9232462504264204,0.0743951804384198,0.0023585691351595,92.32462504264205,7.439518043841982,0.23585691351595006,0.8000992122593545,38.91520013749175,1.600198424518709,10.379702754871378,2.4002976367780637,5.658692356314713,0.2667261820111095,0.1454108506784475,0.0
12 - m1_mechanically_imbalanced_electrically_100_ohm_fault_half_speed.csv,75.05952502926517,3.2364272471938422,0.0,0.9288848347762458,0.0688126765817597,0.0023024886419939,92.88848347762465,6.8812676581759735,0.23024886419939014,0.7000868107269352,43.823375340931285,1.4001736214538705,9.928662228892662,2.100260432180806,7.0380506924171735,0.226560874228673,0.1606003790822473,0.0
12 - m1_mechanically_imbalanced_electrically_100_ohm_fault_half_speed.csv,57.478219839062206,3.335752555789113,0.0,0.952539903106106,0.0458299529963499,0.001630143897544,95.25399031061062,4.582995299634991,0.16301438975440002,0.7000868107269352,59.73618643293069,1.4001736214538705,7.746757010239562,2.100260432180806,4.450888134777732,0.1296828182853169,0.0745090773374863,0.0
12 - m1_mechanically_imbalanced_electrically_100_ohm_fault_half_speed.csv,82.25984898202316,3.222530733939908,0.0,0.948330297213842,0.0500244187615903,0.0016452840245674,94.83302972138422,5.002441876159032,0.16452840245674005,0.8000992122593545,60.92161876482489,1.600198424518709,9.8413801699805,2.4002976367780637,3.071370415449233,0.1615416722259315,0.0504151149907164,0.0
12 - m1_mechanically_imbalanced_electrically_100_ohm_fault_half_speed.csv,50.876657439896,3.2590421936480376,0.0,0.9323519215451244,0.0655765615829271,0.0020715168719484,93.23519215451245,6.557656158292711,0.20715168719484003,0.8000992122593545,43.81557524118359,1.600198424518709,8.024102523663279,2.4002976367780637,4.1602802340899405,0.183133565621231,0.0949498029225819,0.0
13 - m1_mechanically_imbalanced_electrically_150_ohm_fault_half_speed.csv,50.7291354114338,2.982980502357881,0.0,0.956529023523067,0.0422416777874245,0.0012292986895081,95.65290235230674,4.224167778742451,0.12292986895081004,0.5000620076620966,65.44240053824691,1.0001240153241933,9.857352220593992,1.50018602298629,6.638126458795425,0.150626385027441,0.1014346418254609,0.0
13 - m1_mechanically_imbalanced_electrically_150_ohm_fault_half_speed.csv,78.36148607693367,3.19715432987283,0.0,0.9290907155143472,0.0690450355584566,0.0018642489271959,92.90907155143474,6.904503555845662,0.18642489271959,0.5000620076620966,56.74234955717234,1.0001240153241933,21.35551069791485,1.50018602298629,10.64127915311363,0.3763592953865526,0.1875368086827584,0.0
13 - m1_mechanically_imbalanced_electrically_150_ohm_fault_half_speed.csv,40.30714743594503,3.5726729167381617,0.0,0.9195307774431004,0.0782840006173877,0.0021852219395113,91.9530777443101,7.828400061738774,0.21852219395113012,0.5000620076620966,43.80725224330756,1.0001240153241933,22.0392430481013,1.50018602298629,6.8711750838213534,0.5030957642742416,0.1568501727900787,0.0
13 - m1_mechanically_imbalanced_electrically_150_ohm_fault_half_speed.csv,73.96416509271057,3.099122360329745,0.0,0.9565020812419226,0.0422698728042209,0.0012280459538561,95.6502081241923,4.226987280422092,0.12280459538561006,0.5000620076620966,84.98861105814909,1.0001240153241933,9.667974260943604,1.50018602298629,7.828968359621238,0.1137561155615167,0.0921178527587028,0.0
13 - m1_mechanically_imbalanced_electrically_150_ohm_fault_half_speed.csv,92.75554351603982,3.2581367145592814,0.0,0.9388756283977364,0.0594002608674094,0.0017241107348541,93.88756283977365,5.94002608674094,0.17241107348541002,0.5000620076620966,65.40682343004056,1.0001240153241933,8.253887062331913,1.50018602298629,5.239057751838671,0.1261930579943285,0.0800995596039363,0.0
13 - m1_mechanically_imbalanced_electrically_150_ohm_fault_half_speed.csv,85.84938696923396,3.128440412000025,0.0,0.9641314004821644,0.0348588811476204,0.0010097183702147,96.41314004821649,3.485888114762042,0.10097183702147006,0.5000620076620966,95.31273530741942,1.0001240153241933,14.284024070299909,1.50018602298629,10.29258312883231,0.1498648005875454,0.107987490817831,0.0
13 - m1_mechanically_imbalanced_electrically_150_ohm_fault_half_speed.csv,95.79250787629844,3.1424202456761385,0.0,0.9066146984012836,0.0907940388094293,0.002591262789287,90.66146984012838,9.079403880942932,0.25912627892870005,0.7000868107269352,38.137803466074274,1.4001736214538705,9.57961257131228,2.100260432180806,4.6939934970604975,0.2511841716273431,0.1230798071849122,0.0
13 - m1_mechanically_imbalanced_electrically_150_ohm_fault_half_speed.csv,99.99250087831814,3.3959641948135397,0.0,0.8918275614047781,0.1052691854952957,0.0029032530999258,89.18275614047785,10.526918549529572,0.2903253099925801,0.5000620076620966,33.55698943955829,1.0001240153241933,15.338944220585637,1.50018602298629,9.055840862422126,0.4571013215656196,0.2698645204371864,0.0
13 - m1_mechanically_imbalanced_electrically_150_ohm_fault_half_speed.csv,103.14043507076398,3.4735296257155333,0.0,0.9334940270407732,0.064639893143254,0.0018660798159726,93.34940270407733,6.4639893143254,0.18660798159726003,0.5000620076620966,51.01017213982143,1.0001240153241933,21.035779298785176,1.50018602298629,8.4517623563858,0.4123840092349631,0.165687783472267,0.0
13 - m1_mechanically_imbalanced_electrically_150_ohm_fault_half_speed.csv,110.19265520772592,3.221840169781863,0.0,0.8221514803032501,0.1730067826273369,0.0048417370694124,82.21514803032505,17.3006782627337,0.4841737069412403,1.0001240153241933,21.2202611785601,2.0002480306483865,5.035628433640008,3.00037204597258,2.8428702449884287,0.2373028489737797,0.133969616163854,0.0
13 - m1_mechanically_imbalanced_electrically_150_ohm_fault_half_speed.csv,71.06958367826688,3.122271948590992,0.0,0.9515414861964664,0.0471346821340979,0.0013238316694354,95.15414861964666,4.713468213409792,0.13238316694354005,0.5000620076620966,67.2983840325992,1.0001240153241933,12.30899059624076,1.50018602298629,5.9309847639856565,0.1829017259950597,0.088129675760308,0.0
13 - m1_mechanically_imbalanced_electrically_150_ohm_fault_half_speed.csv,117.9034756670629,3.7801821998383365,0.0,0.8566266441599419,0.1393018287820154,0.0040715270580422,85.66266441599424,13.930182878201549,0.4071527058042202,0.9001116137917738,25.99563067597276,1.8002232275835477,3.7135975168578113,2.7003348413753216,4.443511900982515,0.1428546805863885,0.1709330293374865,0.0
13 - m1_mechanically_imbalanced_electrically_150_ohm_fault_half_speed.csv,75.62185852559074,3.0571901070808627,0.0,0.8466741970059548,0.1491967362460019,0.0041290667480428,84.66741970059552,14.919673624600199,0.41290667480428017,0.8000992122593545,25.487463367990287,1.600198424518709,5.3371227311637774,2.4002976367780637,4.724205675170893,0.2094018794301308,0.185354093773962,0.0
13 - m1_mechanically_imbalanced_electrically_150_ohm_fault_half_speed.csv,106.70239482861216,3.1359820622160446,0.0,0.894936189838956,0.1021416847351004,0.0029221254259434,89.49361898389562,10.21416847351004,0.2922125425943401,0.6000744091945159,28.10837547462681,1.2001488183890319,12.742747566635673,1.800223227583548,2.9321561135668954,0.4533434377286742,0.1043161002390098,0.0
13 - m1_mechanically_imbalanced_electrically_150_ohm_fault_half_speed.csv,84.30935949014035,3.32532035765976,0.0,0.8957633058681194,0.1015267640798502,0.0027099300520303,89.57633058681195,10.152676407985021,0.27099300520303005,0.7000868107269352,29.37851370695178,1.4001736214538705,10.984010037475842,2.100260432180806,5.477450602799997,0.3738790242093397,0.1864441018847008,0.0
13 - m1_mechanically_imbalanced_electrically_150_ohm_fault_half_speed.csv,69.83041065754102,3.61468907624221,0.0,0.9514527869305408,0.0471584600240705,0.0013887530453886,95.1452786930541,4.715846002407051,0.13887530453886002,0.5000620076620966,55.69475576807901,1.0001240153241933,12.571312681150067,1.50018602298629,9.003185916495557,0.2257180682055385,0.1616523098509691,0.0
13 - m1_mechanically_imbalanced_electrically_150_ohm_fault_half_speed.csv,89.12007221029941,3.3867465897849676,0.0,0.9355829488193848,0.0626115724579386,0.0018054787226763,93.55829488193851,6.261157245793862,0.18054787226763006,0.5000620076620966,42.32700801063703,1.0001240153241933,15.197899497217769,1.50018602298629,7.682640044607597,0.3590591495009155,0.1815068063085608,0.0
13 - m1_mechanically_imbalanced_electrically_150_ohm_fault_half_speed.csv,78.2158390029979,3.7390208359316692,0.0,0.843490865206404,0.1520828908870218,0.0044262439065737,84.34908652064044,15.208289088702188,0.4426243906573702,0.7000868107269352,20.8458098421622,1.4001736214538705,8.16018463996267,2.100260432180806,4.490820924675637,0.3914544314540417,0.215430389065174,0.0
13 - m1_mechanically_imbalanced_electrically_150_ohm_fault_half_speed.csv,68.77459535289368,3.3189901770690677,0.0,0.9157439116001768,0.0819010836567921,0.002355004743031,91.5743911600177,8.190108365679212,0.23550047430310006,0.5000620076620966,46.65349261182735,1.0001240153241933,12.15742119747387,1.50018602298629,8.968720035121715,0.2605897333052356,0.1922411277917489,0.0
14 - m1_mechanically_imbalanced_electrically_50_ohm_fault_load_0.5Nm_half_speed.csv,44.858712329568085,3.3939757652708145,0.0,0.8629369658052212,0.1317583730781977,0.0053046611165807,86.29369658052217,13.175837307819776,0.5304661116580702,0.6000115202134508,31.28134861441933,1.2000230404269017,11.203041436228716,1.8000345606403525,5.220924343135735,0.3581380577391285,0.1669021501435241,0.0
14 - m1_mechanically_imbalanced_electrically_50_ohm_fault_load_0.5Nm_half_speed.csv,41.5158529634715,3.307958185705096,0.0,0.8954616533055303,0.1003417696859111,0.0041965770085584,89.54616533055304,10.034176968591112,0.4196577008558401,0.6000115202134508,31.18642481885693,1.2000230404269017,10.039749336295262,1.8000345606403525,6.976136469578362,0.3219269087306445,0.2236914462013045,0.0
14 - m1_mechanically_imbalanced_electrically_50_ohm_fault_load_0.5Nm_half_speed.csv,28.20839773962205,3.2298792176630817,0.0,0.7774100788974544,0.2139977483724786,0.0085921727300661,77.7410078897455,21.39977483724788,0.8592172730066109,0.5000096001778758,22.435037269922567,1.0000192003557515,8.303985267544855,1.5000288005336273,6.6030620777095885,0.3701346767396529,0.2943191936017844,0.0
14 - m1_mechanically_imbalanced_electrically_50_ohm_fault_load_0.5Nm_half_speed.csv,30.881813143716013,3.167419734361298,0.0,0.8354479103999202,0.1584035952776499,0.0061484943224294,83.54479103999206,15.840359527765001,0.6148494322429403,0.6000115202134508,18.53950197813874,1.2000230404269017,12.693641648380332,1.8000345606403525,8.596284169091895,0.6846808324920657,0.4636739530127827,0.0
14 - m1_mechanically_imbalanced_electrically_50_ohm_fault_load_0.5Nm_half_speed.csv,32.48089909770347,3.177431444571506,0.0,0.8198511297355484,0.1732911761211759,0.0068576941432752,81.98511297355488,17.329117612117596,0.6857694143275204,1.2000230404269017,14.032752229858344,2.4000460808538033,3.905418901091202,3.600069121280705,2.7845052964354444,0.2783074080636444,0.1984290216790604,0.0
14 - m1_mechanically_imbalanced_electrically_50_ohm_fault_load_0.5Nm_half_speed.csv,23.56455633779897,3.4408521689235694,0.0,0.7849938932966481,0.2064969701735911,0.0085091365297603,78.49938932966484,20.64969701735912,0.8509136529760304,0.9000172803201764,14.05788426861419,1.8000345606403527,7.856818767630474,2.700051840960529,4.422077914673575,0.5588905568935225,0.3145621225909764,0.0
14 - m1_mechanically_imbalanced_electrically_50_ohm_fault_load_0.5Nm_half_speed.csv,31.9452414215443,3.3613363264396683,0.0,0.8292892436251693,0.1640437086830265,0.0066670476918035,82.928924362517,16.40437086830266,0.6667047691803504,0.5000096001778758,23.954118065146197,1.0000192003557515,13.868120464311747,1.5000288005336273,6.246865959387498,0.5789451494977053,0.260784635961064,0.0
14 - m1_mechanically_imbalanced_electrically_50_ohm_fault_load_0.5Nm_half_speed.csv,45.54628318392696,3.3962222244615257,0.0,0.944038844530836,0.0537256716801442,0.0022354837890194,94.40388445308363,5.372567168014423,0.22354837890194013,0.5000096001778758,60.06232269578854,1.0000192003557515,18.693180438311362,1.5000288005336273,9.39633506367722,0.3112297293761184,0.1564430851478888,0.0
14 - m1_mechanically_imbalanced_electrically_50_ohm_fault_load_0.5Nm_half_speed.csv,27.4128471467808,3.632719490567327,0.0,0.8533185416549102,0.1409155775594596,0.0057658807856296,85.33185416549108,14.091557755945969,0.5765880785629603,0.5000096001778758,28.31099534174853,1.0000192003557515,11.046183317254911,1.5000288005336273,10.374421250347053,0.3901729057531851,0.3664449492190236,0.0
14 - m1_mechanically_imbalanced_electrically_50_ohm_fault_load_0.5Nm_half_speed.csv,74.20426167417459,3.3383744221482496,0.0,0.8838567722298436,0.1116668481732956,0.0044763795968605,88.38567722298437,11.166684817329562,0.44763795968605014,0.6000115202134508,23.10208300449181,1.2000230404269017,9.650233377779708,1.8000345606403525,11.046722262991741,0.4177213533473749,0.4781699667880118,0.0
14 - m1_mechanically_imbalanced_electrically_50_ohm_fault_load_0.5Nm_half_speed.csv,24.87303514160157,3.2018249829218886,0.0,0.8689492336521256,0.1258232742807897,0.0052274920670844,86.89492336521259,12.582327428078974,0.5227492067084402,0.8000153602846012,28.036572706240687,1.6000307205692024,11.034474974407184,2.4000460808538033,2.4721966675987743,0.3935743177321745,0.0881775634098274,0.0
14 - m1_mechanically_imbalanced_electrically_50_ohm_fault_load_0.5Nm_half_speed.csv,74.00179756362049,3.382096253033521,0.0,0.8870257383716064,0.1085089969075221,0.0044652647208713,88.70257383716066,10.850899690752211,0.44652647208713014,0.700013440249026,25.856802657189384,1.400026880498052,12.936545271712491,2.100040320747078,3.0891688802567807,0.5003149632700443,0.1194721915626273,0.0
14 - m1_mechanically_imbalanced_electrically_50_ohm_fault_load_0.5Nm_half_speed.csv,35.13869091805398,3.3387550849554977,0.0,0.8790121079896923,0.1164518823310706,0.0045360096792367,87.90121079896926,11.645188233107064,0.4536009679236701,0.9000172803201764,24.566165112262485,1.8000345606403527,4.535345851919224,2.700051840960529,5.7940063990404465,0.1846175758891791,0.2358531082308936,0.0
14 - m1_mechanically_imbalanced_electrically_50_ohm_fault_load_0.5Nm_half_speed.csv,59.02963244824692,3.4445819408009095,0.0,0.7597289224586594,0.2308716653871495,0.0093994121541904,75.97289224586599,23.087166538714964,0.9399412154190406,1.0000192003557515,12.70430467837149,2.000038400711503,4.909303779994031,3.0000576010672546,1.3307205022932784,0.3864283724517329,0.1047456382684816,0.0
14 - m1_mechanically_imbalanced_electrically_50_ohm_fault_load_0.5Nm_half_speed.csv,40.72184969915431,3.5758285419676032,0.0,0.83573998595571,0.1579586530432988,0.0063013610009907,83.57399859557104,15.79586530432989,0.6301361000990703,0.5000096001778758,28.50163451804888,1.0000192003557515,12.134204141061769,1.5000288005336273,6.575212337617749,0.4257371321415861,0.230695974066117,0.0
14 - m1_mechanically_imbalanced_electrically_50_ohm_fault_load_0.5Nm_half_speed.csv,61.60641586573967,3.6628862174749917,0.0,0.906437713122506,0.0900890062305451,0.0034732806469488,90.6437713122506,9.008900623054512,0.3473280646948801,0.700013440249026,26.48321629942261,1.400026880498052,18.272748990436313,2.100040320747078,8.736523248602195,0.689974691285314,0.3298890568964869,0.0
14 - m1_mechanically_imbalanced_electrically_50_ohm_fault_load_0.5Nm_half_speed.csv,36.98546851411359,3.6513448642812514,0.0,0.8999559886787891,0.096139635844109,0.0039043754771016,89.99559886787893,9.613963584410902,0.3904375477101601,0.5000096001928034,35.79350568213323,1.0000192003856068,18.695439956411448,1.5000288005784101,11.395315930544108,0.5223137437958056,0.3183626670083959,0.0
14 - m1_mechanically_imbalanced_electrically_50_ohm_fault_load_0.5Nm_half_speed.csv,35.83920337022387,3.2945347107241587,0.0,0.8574222851681145,0.1370081280767387,0.0055695867551464,85.7422285168115,13.700812807673875,0.5569586755146402,1.200023040462728,19.43145741671142,2.400046080925456,5.566278561409699,3.6000691213881835,4.575217890915271,0.2864570804978629,0.2354541809602247,0.0
14 - m1_mechanically_imbalanced_electrically_50_ohm_fault_load_0.5Nm_half_speed.csv,53.26759692673632,3.5129946516739885,0.0,0.8416978134993869,0.1522671674731359,0.0060350190274767,84.16978134993873,15.226716747313597,0.6035019027476702,1.4000268805398497,15.44607569624929,2.8000537610796994,5.814032555994194,4.200080641619549,2.0452044948661032,0.3764083946193526,0.1324093274619088,0.0
14 - m1_mechanically_imbalanced_electrically_50_ohm_fault_load_0.5Nm_half_speed.csv,38.04614998772664,3.327683012280736,0.0,0.7954033872387873,0.1967691092184866,0.0078275035427257,79.54033872387876,19.676910921848666,0.7827503542725704,0.7000134402281273,13.35215424023173,1.4000268804562546,9.165085706124342,2.100040320684382,9.973418060210067,0.6864125100134614,0.7469519809888726,0.0
14 - m1_mechanically_imbalanced_electrically_50_ohm_fault_load_0.5Nm_half_speed.csv,27.59187937956677,3.4906054660663135,0.0,0.8865039112619408,0.1091508912428645,0.0043451974951943,88.65039112619411,10.915089124286455,0.4345197495194302,0.5000096001629482,25.49192684609652,1.0000192003258963,18.792577449102517,1.5000288004888445,12.557960256184204,0.7371972139477622,0.4926249919043353,0.0
14 - m1_mechanically_imbalanced_electrically_50_ohm_fault_load_0.5Nm_half_speed.csv,46.11861788857869,3.35860839668854,0.0,0.8008702632196886,0.1914907373621431,0.0076389994181677,80.08702632196892,19.149073736214323,0.7638999418167706,0.7000134402699247,14.210999124965772,1.4000268805398495,9.564076739696329,2.100040320809774,8.804653853571633,0.6730052303566914,0.619566138604828,0.0
14 - m1_mechanically_imbalanced_electrically_50_ohm_fault_load_0.5Nm_half_speed.csv,35.78882740100177,3.2977882187580505,0.0,0.9206788616323645,0.0761679688402447,0.0031531695273904,92.0678861632365,7.616796884024473,0.31531695273904015,0.6000115201955377,38.45654513414586,1.2000230403910754,10.945687998623455,1.8000345605866133,5.433770630140782,0.2846248398144506,0.1412963803999152,0.0
14 - m1_mechanically_imbalanced_electrically_50_ohm_fault_load_0.5Nm_half_speed.csv,35.87142578655887,3.334375861833201,0.0,0.952761424462487,0.0453164218885955,0.0019221536489174,95.27614244624871,4.531642188859551,0.19221536489174004,0.5000096001928034,49.41020875418548,1.0000192003856068,23.84707489297219,1.5000288005784101,6.273259951854066,0.4826345707546142,0.1269628303548235,0.0
14 - m1_mechanically_imbalanced_electrically_50_ohm_fault_load_0.5Nm_half_speed.csv,25.74667706588786,3.265627309191369,0.0,0.8562877256307211,0.1380507266125014,0.005661547756777,85.62877256307215,13.805072661250147,0.5661547756777003,0.7000134402281273,19.06894235077195,1.4000268804562546,15.071076446507925,2.100040320684382,8.71439031527683,0.7903467412757591,0.4569938990310102,0.0
14 - m1_mechanically_imbalanced_electrically_50_ohm_fault_load_0.5Nm_half_speed.csv,40.97539319794807,3.509531967716336,0.0,0.8623262958520667,0.1323173131715478,0.005356390976385,86.23262958520671,13.231731317154786,0.5356390976385003,0.800015360260717,21.064413847395446,1.600030720521434,9.327619032613756,2.400046080782151,8.844666331787002,0.4428140797170622,0.4198866579371075,0.0
14 - m1_mechanically_imbalanced_electrically_50_ohm_fault_load_0.5Nm_half_speed.csv,26.35288124256889,3.4578043032484285,0.0,0.755540466282404,0.2350965747854073,0.0093629589321883,75.55404662824043,23.50965747854074,0.9362958932188303,0.9000172802933066,12.52408478943753,1.8000345605866133,9.304320862279187,2.7000518408799197,5.083089747919165,0.7429142343499778,0.4058651656691197,0.0
14 - m1_mechanically_imbalanced_electrically_50_ohm_fault_load_0.5Nm_half_speed.csv,50.1568376692815,3.264519261736419,0.0,0.8013241078949281,0.1909762433176394,0.0076996487874318,80.13241078949287,19.097624331763953,0.7699648787431805,0.5000096001629482,19.29867160666714,1.0000192003258963,12.096580820145478,1.5000288004888445,11.142319947195544,0.6268089880324434,0.5773620161164974,0.0
15 - m1_with_m2_mechanicaly_umbalanced_on_background_half_speed.csv,17.865839790218793,3.0803209586975453,0.0,0.8043840327345533,0.1848389710738448,0.0107769961916012,80.43840327345538,18.483897107384493,1.0776996191601207,0.5000390030427642,12.783843768254677,1.0000780060855283,12.302006002982097,1.5001170091282925,7.197883267368545,0.9623088506080544,0.5630453092083776,0.0
15 - m1_with_m2_mechanicaly_umbalanced_on_background_half_speed.csv,36.15215555579915,3.3556290668088895,0.0,0.7424001524275206,0.2423342917143919,0.0152655558580863,74.24001524275214,24.233429171439216,1.5265555858086317,44.90350247324022,10.500523998126724,89.80700494648045,0.3230870849191514,134.71050741972067,0.13548914472209683,0.0307686630664136,0.012903084145731,0.0
15 - m1_with_m2_mechanicaly_umbalanced_on_background_half_speed.csv,42.91947550920081,3.394403326591468,0.0,0.7405896221845337,0.2448491911481322,0.014561186667333,74.05896221845346,24.48491911481325,1.4561186667333015,44.90350247324022,10.630999372708096,89.80700494648045,0.30018525452873135,134.71050741972067,0.11399545091880343,0.028236786025909,0.010722928947908,0.0
15 - m1_with_m2_mechanicaly_umbalanced_on_background_half_speed.csv,15.22080517371879,3.2405794801438987,0.0,0.7414855319339105,0.2427732167878829,0.0157412512782053,74.14855319339115,24.277321678788322,1.574125127820532,0.600046803651317,10.322660973964648,1.200093607302634,5.595443528017947,1.8001404109539512,6.375139740535907,0.54205437358938,0.6175868563943927,0.0
15 - m1_with_m2_mechanicaly_umbalanced_on_background_half_speed.csv,31.105278040944693,3.0515330016722824,0.0,0.8177311360664591,0.1711521079837847,0.0111167559497552,81.77311360664599,17.115210798378488,1.1116755949755213,0.5000390030427642,10.917551124664504,1.0000780060855283,9.371740859775294,1.5001170091282925,5.7584188135067595,0.8584105311495197,0.5274460130988134,0.0
15 - m1_with_m2_mechanicaly_umbalanced_on_background_half_speed.csv,30.42128566166373,3.426354996269432,0.0,0.7802952203195194,0.2080191733036245,0.0116856063768555,78.029522031952,20.801917330362464,1.1685606376855509,0.7000546042598699,13.421535033793226,1.4001092085197397,3.7493000425341365,2.1001638127796096,3.3555814325638944,0.2793495701567677,0.2500147281302094,0.0
15 - m1_with_m2_mechanicaly_umbalanced_on_background_half_speed.csv,24.01387919790565,3.136262857354332,0.0,0.7426944417846881,0.2431055761610011,0.0141999820543098,74.26944417846889,24.310557616100134,1.4199982054309812,44.90350247324022,10.868505097343435,89.80700494648045,0.29674127376632986,134.71050741972067,0.0952312186402903,0.0273028600629595,0.0087621266942744,0.0
15 - m1_with_m2_mechanicaly_umbalanced_on_background_half_speed.csv,25.906018598008146,3.153450288564587,0.0,0.8269410240203477,0.1631676611830909,0.0098913147965606,82.69410240203484,16.316766118309104,0.9891314796560609,0.7000546042598699,15.934246953514288,1.4001092085197397,6.558128914517321,2.1001638127796096,3.269583262921163,0.4115744492758053,0.2051922047185329,0.0
15 - m1_with_m2_mechanicaly_umbalanced_on_background_half_speed.csv,43.677740478916,3.414922588001659,0.0,0.7866024735590241,0.2015461242362321,0.0118514022047428,78.6602473559025,20.15461242362323,1.1851402204742811,44.90350247324022,10.36069771370102,89.80700494648045,0.3408455601219124,134.71050741972067,0.11635181853727415,0.0328979350175594,0.0112301142020011,0.0
15 - m1_with_m2_mechanicaly_umbalanced_on_background_half_speed.csv,36.16180640187922,3.47934361308511,0.0,0.7997659303249972,0.18871722482678,0.011516844848222,79.97659303249978,18.871722482678013,1.1516844848222008,0.9000702054769756,12.159513013215992,1.8001404109539512,3.2954036248576886,2.700210616430927,1.610164148643175,0.271014441226056,0.132420118050214,0.0
15 - m1_with_m2_mechanicaly_umbalanced_on_background_half_speed.csv,31.236410892439103,3.1068684591001254,0.0,0.7892742266068138,0.1997476993547891,0.0109780740383962,78.92742266068144,19.97476993547893,1.0978074038396208,0.8000624048684227,12.279547651184473,1.6001248097368455,3.010428845255223,2.400187214605268,4.587013115811305,0.2451579594599187,0.3735490301524948,0.0
15 - m1_with_m2_mechanicaly_umbalanced_on_background_half_speed.csv,25.979508009188773,3.2674729085151792,0.0,0.7140717013684589,0.2688419271176576,0.0170863715138822,71.40717013684599,26.8841927117658,1.7086371513882224,44.90350247324022,10.600776761770293,89.80700494648045,0.2829351337770468,134.71050741972067,0.09965208908103552,0.0266900379222586,0.009400451619773,0.0
15 - m1_with_m2_mechanicaly_umbalanced_on_background_half_speed.csv,29.041902431540173,3.216364731022109,0.0,0.7532691906707386,0.2338711437509529,0.0128596655783072,75.32691906707396,23.387114375095322,1.2859665578307218,0.5000390030427642,12.08980330996734,1.0000780060855283,7.809344112883043,1.5001170091282925,3.5703514083051906,0.6459446785577307,0.2953192303270677,0.0
15 - m1_with_m2_mechanicaly_umbalanced_on_background_half_speed.csv,26.76419619651753,3.4291320434569217,0.0,0.7609040187459748,0.2256788875114078,0.0134170937426163,76.09040187459756,22.567888751140806,1.3417093742616315,44.90350247324022,10.694471071767818,89.80700494648045,0.260872449599067,134.71050741972067,0.1271666095103806,0.0243932072795765,0.0118908741401981,0.0
15 - m1_with_m2_mechanicaly_umbalanced_on_background_half_speed.csv,21.990620228316374,3.212529501491478,0.0,0.7868756495891794,0.2009579236153552,0.0121664267954644,78.68756495891802,20.095792361535537,1.2166426795464411,0.7000546042598699,11.124027625952811,1.4001092085197397,7.801331118519839,2.1001638127796096,5.207841993792874,0.7013045437175124,0.4681615480388385,0.0
15 - m1_with_m2_mechanicaly_umbalanced_on_background_half_speed.csv,17.551778035212177,3.1921051212990803,0.0,0.7863930613015112,0.201962909776833,0.0116440289216551,78.63930613015118,20.196290977683315,1.1644028921655107,44.90350247324022,10.69022525962197,89.80700494648045,0.2099425881647935,134.71050741972067,0.10859271678644432,0.0196387431570565,0.0101581317651565,0.0
15 - m1_with_m2_mechanicaly_umbalanced_on_background_half_speed.csv,37.85474768622473,3.51031741478024,0.0,0.7503540187921388,0.2352402630439395,0.0144057181639207,75.03540187921395,23.524026304393974,1.4405718163920713,44.90350247324022,10.548450624143134,89.80700494648045,0.16851985107148723,134.71050741972067,0.11330051775022693,0.0159757918083042,0.0107409629894751,0.0
15 - m1_with_m2_mechanicaly_umbalanced_on_background_half_speed.csv,33.75162259010709,3.225741100756448,0.0,0.7657881238131867,0.2223834611730377,0.0118284150137748,76.57881238131873,22.238346117303784,1.182841501377481,0.5000390030427642,14.596345962149677,1.0000780060855283,7.489150744198487,1.5001170091282925,4.2506321815373544,0.5130839433114891,0.2912120740738693,0.0
15 - m1_with_m2_mechanicaly_umbalanced_on_background_half_speed.csv,16.81908530928728,4.0279808716088334,0.0,0.7974652858231999,0.1915617646938745,0.0109729494829248,79.74652858232004,19.156176469387464,1.097294948292481,0.600046803651317,14.976735396536968,1.200093607302634,6.883857771267978,1.8001404109539512,5.416756473918784,0.4596367358442959,0.3616780513576601,0.0
16 - m1_mechanically_imbalanced_with_m2_normal_on_background_half_speed.csv,16.86797175097478,3.117881675122931,0.0,0.88393034265137,0.1104436664990294,0.005625990849598,88.39303426513723,11.044366649902969,0.5625990849598014,0.5871222944427654,11.943241764978364,1.1742445888855308,4.669330612466423,1.7613668833282963,3.1073540612728054,0.3909600679907933,0.2601767696258667,0.0
16 - m1_mechanically_imbalanced_with_m2_normal_on_background_half_speed.csv,22.28199984778938,4.163682747588316,0.0,0.874668600146345,0.1192137984355852,0.0061176014180674,87.4668600146347,11.92137984355855,0.6117601418067414,0.8806834416641481,7.377831358055663,1.7613668833282963,2.7024838394960606,2.6420503249924443,3.0727120619667017,0.3662978602167815,0.4164790319599386,0.0
16 - m1_mechanically_imbalanced_with_m2_normal_on_background_half_speed.csv,34.581957284764684,3.8733595953444824,0.0,0.870489155020097,0.1229692054332251,0.0065416395466751,87.04891550200995,12.296920543322544,0.6541639546675118,0.8018808918149145,7.770838276291603,1.603761783629829,4.417862789648831,2.4056426754447435,1.9316069033095162,0.5685181743039854,0.24857123963096,0.0
16 - m1_mechanically_imbalanced_with_m2_normal_on_background_half_speed.csv,12.012333248598528,3.329691298613086,0.0,0.8926404269047514,0.1021829664324558,0.0051766066627905,89.26404269047534,10.218296643245603,0.517660666279051,0.6014106688611859,8.292488982876392,1.2028213377223718,3.9071733866677523,1.8042320065835575,4.6080520091131865,0.4711701631121712,0.5556898560406413,0.0
16 - m1_mechanically_imbalanced_with_m2_normal_on_background_half_speed.csv,20.36806601721334,3.215332584122302,0.0,0.9018348403134564,0.0931995937429938,0.0049655659435476,90.18348403134584,9.319959374299401,0.4965565943547611,0.5011755573843215,10.300253559860636,1.002351114768643,4.081459656124042,1.5035266721529645,3.329464546207369,0.3962484644095757,0.3232410276948966,0.0
16 - m1_mechanically_imbalanced_with_m2_normal_on_background_half_speed.csv,17.99642539813641,3.434039016718491,0.0,0.9329259102651718,0.0638641416208132,0.0032099481140136,93.29259102651731,6.386414162081329,0.32099481140136044,0.7016457803380503,13.443381980440222,1.4032915606761005,4.060193025711198,2.1049373410141508,2.0049430337096865,0.3020216960002085,0.149139780200163,0.0
16 - m1_mechanically_imbalanced_with_m2_normal_on_background_half_speed.csv,9.025037830364044,3.9059268648370375,0.0,0.8999312777177415,0.0953667809830845,0.0047019412991717,89.99312777177437,9.536678098308473,0.4701941299171711,0.5011755573843215,10.915609840790635,1.002351114768643,6.0534940671449,1.5035266721529645,5.577153596596164,0.5545722277946896,0.5109337616442511,0.0
16 - m1_mechanically_imbalanced_with_m2_normal_on_background_half_speed.csv,28.718321697936144,4.718545496849073,0.0,0.9351944833805548,0.0615063352556473,0.0032991813637967,93.5194483380556,6.150633525564737,0.3299181363796704,0.50006920957832,13.770371758986656,1.00013841915664,8.05234964132986,1.5002076287349602,7.259325584270821,0.5847590596873198,0.5271699058911264,0.0
16 - m1_mechanically_imbalanced_with_m2_normal_on_background_half_speed.csv,37.57954503904766,3.4916639793164546,0.0,0.9546909264268786,0.0430730707114705,0.0022360028616505,95.4690926426879,4.307307071147052,0.22360028616505012,0.50006920957832,31.73301822345851,1.00013841915664,8.957241743926819,1.5002076287349602,3.2979719198481305,0.282268824252753,0.1039287185550512,0.0
16 - m1_mechanically_imbalanced_with_m2_normal_on_background_half_speed.csv,27.720474643706,3.7018195085928545,0.0,0.9431049456984412,0.0539292998934764,0.0029657544080815,94.3104945698442,5.392929989347644,0.2965754408081503,0.50006920957832,22.96139816232903,1.00013841915664,8.323210771656504,1.5002076287349602,7.199315415798329,0.3624871060905927,0.3135399405951543,0.0
16 - m1_mechanically_imbalanced_with_m2_normal_on_background_half_speed.csv,24.435400008262512,3.248905901269645,0.0,0.9148726819553612,0.0809762115471844,0.0041511064974539,91.48726819553617,8.097621154718446,0.41511064974539025,0.7000968934096481,15.812442583798916,1.4001937868192962,6.864323368303349,2.1002906802289445,3.2323408593820284,0.4341089829686645,0.2044175554947984,0.0
16 - m1_mechanically_imbalanced_with_m2_normal_on_background_half_speed.csv,25.07243841533665,3.8915587958108437,0.0,0.9256405701194051,0.0707111111144225,0.0036483187661715,92.56405701194059,7.071111111442256,0.3648318766171503,0.5987612826614247,18.6628476026272,1.1975225653228494,14.467987704647944,1.7962838479842742,4.943577097045618,0.775229376175759,0.2648886816366492,0.0
16 - m1_mechanically_imbalanced_with_m2_normal_on_background_half_speed.csv,18.087163147340725,4.007743002646653,0.0,0.8601342259758631,0.1331584674821136,0.0067073065420216,86.01342259758647,13.315846748211383,0.6707306542021613,0.5987612826614247,10.561261217322636,1.1975225653228494,6.780888880548332,1.7962838479842742,6.214613052719713,0.6420529462358419,0.5884347451350291,0.0
16 - m1_mechanically_imbalanced_with_m2_normal_on_background_half_speed.csv,21.2655493009772,3.446882369878964,0.0,0.8492291006265521,0.1433936952265315,0.0073772041469151,84.92291006265532,14.33936952265317,0.737720414691511,0.6985548297716622,9.246497604013468,1.3971096595433243,6.872429984978096,2.0956644893149865,4.666475199932449,0.7432468248296629,0.5046748941898771,0.0
16 - m1_mechanically_imbalanced_with_m2_normal_on_background_half_speed.csv,26.716584987219544,3.864639707661048,0.0,0.8936237877550057,0.1013623025821436,0.0050139096628487,89.36237877550076,10.136230258214379,0.501390966284871,0.8001107353253121,10.526414202495356,1.6002214706506241,2.9810594847772673,2.4003322059759364,2.3528181227107035,0.2831980033685723,0.2235156319568873,0.0
16 - m1_mechanically_imbalanced_with_m2_normal_on_background_half_speed.csv,26.42231367834169,3.3332670719276405,0.0,0.8856606322815314,0.1081949582233079,0.0061444094951582,88.56606322815337,10.819495822330818,0.6144409495158215,0.5011755573843215,8.71245042351274,1.002351114768643,6.23678234642028,1.5035266721529645,3.029830849666421,0.715847097343447,0.3477587478133201,0.0
16 - m1_mechanically_imbalanced_with_m2_normal_on_background_half_speed.csv,13.233481323204613,3.14125084579335,0.0,0.8945183138400612,0.0999642780019648,0.0055174081579715,89.45183138400633,9.996427800196503,0.5517408157971514,1.600221470650624,7.239670257108072,3.200442941301248,1.8335833225461728,4.800664411951872,1.8685524677782606,0.253268900022887,0.258099112448343,0.0
16 - m1_mechanically_imbalanced_with_m2_normal_on_background_half_speed.csv,29.226200079152537,3.9941920681110923,0.0,0.9428062347074502,0.0544657240683532,0.0027280412241961,94.28062347074507,5.4465724068353225,0.27280412241961016,0.5000692095704763,23.457715282563427,1.0001384191409526,9.370865152215892,1.5002076287114288,2.866433091698033,0.39947902169234,0.1221957491243279,0.0
16 - m1_mechanically_imbalanced_with_m2_normal_on_background_half_speed.csv,20.463018983683902,3.502784289903274,0.0,0.9405950636774528,0.0566567435737726,0.0027481927487733,94.05950636774541,5.665674357377267,0.2748192748773304,0.501175557376443,13.506714474496771,1.002351114752886,10.064097156155244,1.503526672129329,5.949266509162055,0.7451180799859329,0.4404673335173698,0.0
16 - m1_mechanically_imbalanced_with_m2_normal_on_background_half_speed.csv,19.94798688717529,3.498447695597055,0.0,0.9314419642612504,0.065299832452346,0.0032582032864023,93.14419642612516,6.529983245234609,0.32582032864023047,0.6014106688517317,15.823701965866125,1.2028213377034633,3.582900160649968,1.804232006555195,5.382456455174083,0.2264261655318566,0.3401515313410713,0.0
16 - m1_mechanically_imbalanced_with_m2_normal_on_background_half_speed.csv,22.12746451267461,3.4780393919592445,0.0,0.8916774775018164,0.1031297033958185,0.0051928191023628,89.16774775018185,10.312970339581875,0.5192819102362812,0.501175557376443,11.14089596188574,1.002351114752886,3.4968889747505956,1.503526672129329,3.57731257812534,0.3138786132384547,0.3210973866342285,0.0
16 - m1_mechanically_imbalanced_with_m2_normal_on_background_half_speed.csv,17.421971109531903,3.3872305051071234,0.0,0.8960609215442362,0.0987782835136266,0.005160794942135,89.60609215442382,9.87782835136268,0.5160794942135011,0.800110735337862,8.409760028649536,1.600221470675724,5.492637578552604,2.4003322060135863,2.1373277733206066,0.6531265529385893,0.2541484853360108,0.0
16 - m1_mechanically_imbalanced_with_m2_normal_on_background_half_speed.csv,16.53247593707299,3.5303599951735705,0.0,0.9184080232662846,0.0774713433131322,0.0041206334205813,91.84080232662863,7.747134331313234,0.4120633420581308,0.6000830515033966,13.747649265700469,1.2001661030067932,4.61986291707343,1.8002491545101897,3.8682268404354474,0.3360474818483842,0.2813736927437066,0.0
16 - m1_mechanically_imbalanced_with_m2_normal_on_background_half_speed.csv,12.134120894585418,3.6422304766871165,0.0,0.8907041795942436,0.103826739971568,0.0054690804341858,89.07041795942459,10.382673997156827,0.5469080434185815,0.501175557376443,9.310984390740582,1.002351114752886,4.26754831079005,1.503526672129329,3.243879926972394,0.4583348152783892,0.3483928004646113,0.0
16 - m1_mechanically_imbalanced_with_m2_normal_on_background_half_speed.csv,29.051006753928363,3.5657745194531296,0.0,0.9235728764008588,0.07274105690472,0.0036860666944193,92.35728764008606,7.274105690472014,0.3686066694419307,0.501175557376443,11.958243626035763,1.002351114752886,8.213882754662858,1.503526672129329,5.000620394972423,0.6868803656733841,0.4181734836113355,0.0
16 - m1_mechanically_imbalanced_with_m2_normal_on_background_half_speed.csv,33.53508246015592,3.417261857019733,0.0,0.93327498679822,0.063414244983802,0.0033107682179768,93.32749867982211,6.341424498380209,0.3310768217976804,0.7016457803270203,11.87262396536409,1.4032915606540406,5.306730185878857,2.104937340981061,5.406745805664739,0.4469719753072394,0.4553960288338783,0.0
16 - m1_mechanically_imbalanced_with_m2_normal_on_background_half_speed.csv,30.32769390428717,4.004939284522929,0.0,0.9138887054908448,0.082032162178562,0.0040791323305918,91.3888705490846,8.203216217856212,0.4079132330591806,0.501175557376443,10.559224870709803,1.002351114752886,6.294033432954871,1.503526672129329,4.48767068120636,0.5960696462118037,0.4250000105267854,0.0
17 - m1_mechanically_imbalanced_with_m2_mechanicaly_imbalanced_on_background_half_speed.csv,15.889987127294534,3.3257022240247394,0.0,0.9033170129212148,0.0917232658032252,0.0049597212755576,90.3317012921217,9.172326580322544,0.4959721275557612,0.8018358834388017,10.151099529724329,1.6036717668776035,3.031513420314406,2.4055076503164052,3.9933501599114445,0.2986389219648142,0.3933908980222452,0.0
17 - m1_mechanically_imbalanced_with_m2_mechanicaly_imbalanced_on_background_half_speed.csv,18.60645225221901,4.346993860035217,0.0,0.8883254617607468,0.1064055638023693,0.0052689744368818,88.83254617607486,10.640556380236953,0.5268974436881811,0.6879682606827526,8.33910689813359,1.3759365213655053,3.3410313426462763,2.063904782048258,1.472229045424157,0.4006461823140853,0.1765451700533618,0.0
17 - m1_mechanically_imbalanced_with_m2_mechanicaly_imbalanced_on_background_half_speed.csv,13.350605349656965,4.057666015880186,0.0,0.8866111524809847,0.1079424709314126,0.0054463765876007,88.66111524809864,10.794247093141282,0.5446376587600711,0.7862494407787805,9.924817768089916,1.572498881557561,3.1958026802330717,2.3587483223363415,2.3746487132560072,0.3220011444953836,0.2392637092935784,0.0
17 - m1_mechanically_imbalanced_with_m2_mechanicaly_imbalanced_on_background_half_speed.csv,11.935728392743696,3.271624547233744,0.0,0.8581846604064324,0.1349991635917156,0.0068161760018493,85.81846604064349,13.499916359171598,0.6816176001849319,0.5896870805852166,7.64744755690623,1.1793741611704331,3.7796343966032127,1.7690612417556497,2.8054124246062586,0.494234758522785,0.366842976526561,0.0
17 - m1_mechanically_imbalanced_with_m2_mechanicaly_imbalanced_on_background_half_speed.csv,27.645322084411244,3.449555234359216,0.0,0.8589035304765629,0.1341956363982019,0.0069008331252322,85.89035304765656,13.41956363982023,0.6900833125232221,0.6879682606827526,7.614857700536943,1.3759365213655053,2.714693436991597,2.063904782048258,2.0422401509176398,0.3564995622702414,0.268191505505564,0.0
17 - m1_mechanically_imbalanced_with_m2_mechanicaly_imbalanced_on_background_half_speed.csv,19.27255086801717,3.4707162215923577,0.0,0.9499306253199192,0.0475281868604681,0.0025411878196116,94.99306253199202,4.752818686046815,0.2541187819611603,0.6879682606827526,15.269901411537774,1.3759365213655053,5.285311190744809,2.063904782048258,3.8234857594262417,0.346126084792616,0.2503936113521504,0.0
17 - m1_mechanically_imbalanced_with_m2_mechanicaly_imbalanced_on_background_half_speed.csv,16.36437562640044,3.257192988426038,0.0,0.920507107284662,0.0757511941720221,0.0037416985433141,92.05071072846637,7.575119417202223,0.3741698543314107,0.6879682606827526,10.51520782409628,1.3759365213655053,7.490624101488816,2.063904782048258,2.376414586167595,0.7123610133813586,0.2259978714564145,0.0
17 - m1_mechanically_imbalanced_with_m2_mechanicaly_imbalanced_on_background_half_speed.csv,12.768644583025011,3.7742463307681753,0.0,0.8852382617052151,0.1091577421291686,0.0056039961656138,88.52382617052173,10.915774212916887,0.5603996165613814,0.5896870805852166,8.053752235435082,1.1793741611704331,3.217536870198325,1.7690612417556497,3.108742387606473,0.3995078040818953,0.3859992580760751,0.0
17 - m1_mechanically_imbalanced_with_m2_mechanicaly_imbalanced_on_background_half_speed.csv,22.28740314686618,3.36863271955658,0.0,0.8934123980821285,0.1012303410876427,0.0053572608302266,89.34123980821305,10.123034108764292,0.5357260830226612,0.5896870805852166,7.270385698771183,1.1793741611704331,5.343967664737736,1.7690612417556497,5.568724621346614,0.7350322095897823,0.7659462444045879,0.0
17 - m1_mechanically_imbalanced_with_m2_mechanicaly_imbalanced_on_background_half_speed.csv,31.446203269329477,3.297547641971104,0.0,0.8807287771685789,0.1133263000757112,0.0059449227557075,88.0728777168581,11.332630007571149,0.5944922755707515,0.5896870805852166,10.71349719361161,1.1793741611704331,6.003741856026686,1.7690612417556497,2.2219147652288727,0.5603904819806812,0.207393974635452,0.0
17 - m1_mechanically_imbalanced_with_m2_mechanicaly_imbalanced_on_background_half_speed.csv,17.34792082970101,3.699877730966349,0.0,0.8888079190223983,0.1057916674404848,0.0054004135371147,88.88079190224002,10.579166744048502,0.5400413537114711,0.503364893641868,7.634764604461705,1.006729787283736,3.9986015713410894,1.510094680925604,4.850437852322224,0.5237360650260695,0.6353094173313032,0.0
17 - m1_mechanically_imbalanced_with_m2_mechanicaly_imbalanced_on_background_half_speed.csv,21.791608998050737,3.4416066072611042,0.0,0.9323662889577184,0.0643118907356893,0.0033218203065909,93.23662889577197,6.431189073568938,0.3321820306590904,0.604037872365494,11.478458727086611,1.208075744730988,5.272618474654441,1.812113617096482,4.314769651906369,0.4593489944962936,0.3759014824633617,0.0
17 - m1_mechanically_imbalanced_with_m2_mechanicaly_imbalanced_on_background_half_speed.csv,34.1718050086543,3.8128759723724537,0.0,0.9139272947814006,0.0820274629656443,0.0040452422529534,91.39272947814021,8.202746296564444,0.40452422529534066,0.7047108510930763,8.385516011632346,1.4094217021861526,6.426686068363511,2.1141325532792288,3.3887613245429047,0.7664031717843535,0.4041207863466043,0.0
17 - m1_mechanically_imbalanced_with_m2_mechanicaly_imbalanced_on_background_half_speed.csv,20.572460775557296,3.319130201518557,0.0,0.8930689682299767,0.1016213129641897,0.005309718805831,89.3068968229979,10.162131296418996,0.5309718805831013,1.4094217021861526,6.924958946769246,2.818843404372305,1.6314025585280227,4.2282651065584576,2.522888427309993,0.2355829934976197,0.364318178158589,0.0
17 - m1_mechanically_imbalanced_with_m2_mechanicaly_imbalanced_on_background_half_speed.csv,17.57977449533347,3.660280834519365,0.0,0.882423422019857,0.1125203391992275,0.0050562387809129,88.24234220198593,11.252033919922779,0.5056238780912913,0.8053838298206586,7.316301741521566,1.6107676596413172,4.124663669938356,2.416151489461976,1.7044257143358081,0.5637634717182336,0.2329627419086381,0.0
17 - m1_mechanically_imbalanced_with_m2_mechanicaly_imbalanced_on_background_half_speed.csv,14.226329930787603,3.7468174856140446,0.0,0.9196296210491848,0.0764173353480477,0.0039530436027658,91.96296210491863,7.641733534804783,0.39530436027658067,0.7047108510930763,9.29150505165694,1.4094217021861526,8.609188190561385,2.1141325532792288,3.6675575532746594,0.9265655179325464,0.394721579860803,0.0
17 - m1_mechanically_imbalanced_with_m2_mechanicaly_imbalanced_on_background_half_speed.csv,19.80226797816491,3.181075897179285,0.0,0.9134677965558886,0.0823526936441367,0.0041795097999728,91.34677965558903,8.235269364413687,0.4179509799972808,0.5033648936379116,12.235862115060897,1.0067297872758232,7.345643192127282,1.5100946809137348,5.723919460650819,0.6003371992142397,0.4677986239813337,0.0
17 - m1_mechanically_imbalanced_with_m2_mechanicaly_imbalanced_on_background_half_speed.csv,22.41162321427325,3.5300365278252968,0.0,0.8909222060649467,0.1034310650586622,0.0056467288763886,89.09222060649489,10.343106505866247,0.5646728876388615,0.604037872365494,6.980789786895376,1.208075744730988,4.915778902301548,1.812113617096482,4.638995663526005,0.7041866396735866,0.6645373668513149,0.0
17 - m1_mechanically_imbalanced_with_m2_mechanicaly_imbalanced_on_background_half_speed.csv,17.773727021011553,3.5284570088030556,0.0,0.9019752717500948,0.0931728075104708,0.0048519207394321,90.1975271750097,9.317280751047102,0.48519207394321107,0.5033648936379116,10.483063972115954,1.0067297872758232,5.080058901760219,1.5100946809137348,3.4848033140723804,0.4845967662958785,0.3324222119927587,0.0
17 - m1_mechanically_imbalanced_with_m2_mechanicaly_imbalanced_on_background_half_speed.csv,12.15948900841436,4.010485643641344,0.0,0.8991344502611857,0.0958941968324283,0.0049713529063839,89.91344502611875,9.589419683242848,0.49713529063839107,0.8036059405760961,6.331260799038748,1.6072118811521923,6.273583376268922,2.4108178217282883,2.387138873631589,0.9908900573518338,0.377040047693821,0.0
17 - m1_mechanically_imbalanced_with_m2_mechanicaly_imbalanced_on_background_half_speed.csv,28.74438671373256,3.246297073291095,0.0,0.8843651190953287,0.1102744114317518,0.0053604694729185,88.43651190953297,11.027441143175192,0.5360469472918505,0.6013769125820425,13.900313396072232,1.202753825164085,7.889050278143859,1.8041307377461275,6.481656016725427,0.5675447778301922,0.4662956749275113,0.0
17 - m1_mechanically_imbalanced_with_m2_mechanicaly_imbalanced_on_background_half_speed.csv,32.226378969723584,3.8882352254964583,0.0,0.8834996172986538,0.1108587941329909,0.0056415885683535,88.34996172986554,11.08587941329911,0.564158856835351,0.8036059405760961,9.942174424021532,1.6072118811521923,4.3003975844478175,2.4108178217282883,4.1624343827324415,0.432540951409736,0.4186643892180649,0.0
17 - m1_mechanically_imbalanced_with_m2_mechanicaly_imbalanced_on_background_half_speed.csv,14.918933637845068,3.3611867259584165,0.0,0.933257297912467,0.0632846681102045,0.0034580339773271,93.32572979124683,6.328466811020458,0.34580339773271046,1.0067297872758232,8.996544379881062,2.0134595745516464,3.352623772627452,3.0201893618274696,2.579973467080668,0.3726568370100982,0.2867738276098824,0.0
17 - m1_mechanically_imbalanced_with_m2_mechanicaly_imbalanced_on_background_half_speed.csv,22.942410146084804,3.316334983246146,0.0,0.8959394546959366,0.099411764306208,0.0046487809978531,89.59394546959386,9.941176430620821,0.4648780997853111,1.5100946809137348,6.378220230017732,3.0201893618274696,4.045702351731921,4.530284042741204,1.580291104578213,0.6342995703866867,0.2477636468463272,0.0
17 - m1_mechanically_imbalanced_with_m2_mechanicaly_imbalanced_on_background_half_speed.csv,17.502474868302595,3.816122665531943,0.0,0.9140974430745308,0.0813138309268242,0.0045887259986439,91.40974430745318,8.131383092682428,0.45887259986439055,0.6027044554320721,10.483940302283656,1.2054089108641441,10.073124189168347,1.808113366296216,5.523038012699183,0.960814722206514,0.5268093725692172,0.0
17 - m1_mechanically_imbalanced_with_m2_mechanicaly_imbalanced_on_background_half_speed.csv,12.503123985044498,3.8579777080586903,0.0,0.8992389946943505,0.0958194785762661,0.0049415267293819,89.92389946943518,9.581947857626625,0.49415267293819076,0.50225371286006,10.065603857289446,1.00450742572012,6.756131685443091,1.5067611385801802,6.595876958634001,0.6712097735249478,0.6552887489067344,0.0
17 - m1_mechanically_imbalanced_with_m2_mechanicaly_imbalanced_on_background_half_speed.csv,20.809653978677183,3.4965309358336616,0.0,0.928365310100452,0.0680395647144257,0.0035951251851205,92.83653101004536,6.803956471442582,0.3595125185120507,0.9060568085339976,9.872807022473047,1.8121136170679952,5.303509124937477,2.718170425601993,2.2175102885684557,0.537183509498902,0.2246078834034568,0.0
17 - m1_mechanically_imbalanced_with_m2_mechanicaly_imbalanced_on_background_half_speed.csv,27.67006000504198,4.157090007430369,0.0,0.9437723837573564,0.0534398587135906,0.0027877575290514,94.3772383757358,5.343985871359069,0.27877575290514045,0.5022537128679381,17.87830640927588,1.0045074257358761,6.036703532778378,1.5067611386038142,3.4721127487319934,0.3376552227366642,0.1942081464120417,0.0
18 - m1_load_0.5Nm_m2_mechanically_imbalanced_on_background_half_speed.csv,26.134879208097068,3.5869112702823602,0.0,0.7617522143922175,0.226837361560866,0.0114104240469156,76.17522143922183,22.68373615608662,1.1410424046915613,44.90350247189114,10.859978772991424,89.80700494378227,0.1495052463957152,134.71050741567342,0.13852006693156868,0.0137666241823172,0.0127550955510213,0.0
18 - m1_load_0.5Nm_m2_mechanically_imbalanced_on_background_half_speed.csv,15.980204081419924,3.3327234898466878,0.0,0.7964562390732355,0.1923967463663071,0.0111470145604567,79.64562390732361,19.239674636630724,1.1147014560456707,0.5000390030427642,11.964642453549688,1.0000780060855283,10.860876083878914,1.5001170091282925,7.484948242333335,0.9077476511349232,0.625588961090324,0.0
18 - m1_load_0.5Nm_m2_mechanically_imbalanced_on_background_half_speed.csv,30.91827966185965,3.437761693081792,0.0,0.7525334113640225,0.2343151479875942,0.0131514406483825,75.25334113640231,23.431514798759437,1.315144064838251,0.5000390030427642,11.671721041822469,1.0000780060855283,6.975536071499127,1.5001170091282925,5.458341906507015,0.597644173168993,0.4676552743977102,0.0
18 - m1_load_0.5Nm_m2_mechanically_imbalanced_on_background_half_speed.csv,35.16268858052599,3.7293925855483034,0.0,0.8545486101568736,0.1361685506650033,0.0092828391781223,85.45486101568743,13.61685506650034,0.9282839178122306,0.6000468036152613,18.08477897969867,1.2000936072305226,8.913517535264214,1.800140410845784,4.10586891716844,0.4928740099765782,0.2270345090629829,0.0
18 - m1_load_0.5Nm_m2_mechanically_imbalanced_on_background_half_speed.csv,45.319625680183535,3.3776199452459883,0.0,0.7506690375819853,0.2361012879598037,0.0132296744582101,75.0669037581986,23.61012879598039,1.3229674458210112,0.7983745095037528,14.508097985152896,1.5967490190075055,6.126691525873789,2.395123528511258,4.338366481570218,0.4222946062360236,0.2990306852083545,0.0
18 - m1_load_0.5Nm_m2_mechanically_imbalanced_on_background_half_speed.csv,26.79889558413634,3.581042404931892,0.0,0.7532994044789921,0.2325283721311424,0.0141722233898643,75.3299404478993,23.252837213114265,1.4172223389864316,44.90350247324022,10.105758521448209,89.80700494648045,0.12885604194935307,134.71050741972067,0.14325160260853081,0.0127507541047881,0.0141752449659763,0.0
18 - m1_load_0.5Nm_m2_mechanically_imbalanced_on_background_half_speed.csv,24.72731394204202,3.115497005539138,0.0,0.8475454825815918,0.1445552174277523,0.0078992999906553,84.75454825815923,14.455521742775238,0.7899299990655305,0.600046803651317,14.32262195071582,1.200093607302634,9.29018168289971,1.8001404109539512,6.162369578379365,0.6486369405592949,0.4302542927952783,0.0
18 - m1_load_0.5Nm_m2_mechanically_imbalanced_on_background_half_speed.csv,14.727860607927942,3.544948784427741,0.0,0.7404302059759043,0.2422395004871099,0.0173302935369843,74.04302059759054,24.22395004871103,1.7330293536984327,0.6985776958157837,9.959315393290444,1.3971553916315673,7.575417215691169,2.0957330874473508,3.663119217657869,0.760636340605771,0.3678083355132723,0.0
18 - m1_load_0.5Nm_m2_mechanically_imbalanced_on_background_half_speed.csv,24.88001998335315,3.302461592488267,0.0,0.7539487249477391,0.2316219268507727,0.0144293482014871,75.39487249477398,23.162192685077297,1.4429348201487113,0.6985776958157837,12.732179559386536,1.3971553916315673,6.406794585870945,2.0957330874473508,3.1322042202931413,0.5031970022090734,0.2460069154447314,0.0
18 - m1_load_0.5Nm_m2_mechanically_imbalanced_on_background_half_speed.csv,17.44227815970614,3.2659249321307495,0.0,0.8025665315003475,0.1867035074686711,0.0107299610309806,80.25665315003482,18.670350746867125,1.0729961030980608,0.5987808821278146,10.825805177081088,1.197561764255629,9.707982385596125,1.7963426463834438,4.58177134784878,0.896744604839974,0.4232268429833449,0.0
18 - m1_load_0.5Nm_m2_mechanically_imbalanced_on_background_half_speed.csv,32.98905326225758,3.005452943353957,0.0,0.7777186860511363,0.2100078881361889,0.0122734258126743,77.77186860511367,21.0007888136189,1.2273425812674308,0.5987808821278146,12.226255088884232,1.197561764255629,8.219375428965442,1.7963426463834438,5.590523491408789,0.67227252901326,0.4572555905930293,0.0
18 - m1_load_0.5Nm_m2_mechanically_imbalanced_on_background_half_speed.csv,36.6506605267648,3.3058026567674945,0.0,0.7780897841765584,0.2097188948728806,0.0121913209505602,77.80897841765591,20.971889487288077,1.2191320950560212,0.5987808821278146,12.89409108503308,1.197561764255629,5.4270704103764515,1.7963426463834438,5.985469650418818,0.4208959262491923,0.4642025258660147,0.0
18 - m1_load_0.5Nm_m2_mechanically_imbalanced_on_background_half_speed.csv,22.71810318878201,3.519319467837808,0.0,0.8177048180729349,0.1724171870340533,0.0098779948930111,81.77048180729355,17.24171870340534,0.9877994893011107,0.7983745095037528,13.768274580103222,1.5967490190075055,6.7251658960672795,2.395123528511258,5.289438020717552,0.4884537896844341,0.3841758086638839,0.0
18 - m1_load_0.5Nm_m2_mechanically_imbalanced_on_background_half_speed.csv,46.2790477611675,3.309671032995338,0.0,0.925570401238902,0.0702571893868406,0.0041724093742566,92.55704012389029,7.025718938684066,0.4172409374256604,0.600046803651317,27.51252169105625,1.200093607302634,7.516639773033862,1.8001404109539512,4.731357024681778,0.2732079544521492,0.1719710420517304,0.0
18 - m1_load_0.5Nm_m2_mechanically_imbalanced_on_background_half_speed.csv,41.59241874763908,3.7615636488341386,0.0,0.871795176795397,0.1215026440006614,0.0067021792039411,87.17951767953974,12.150264400066147,0.6702179203941103,0.5000390030427642,18.73228400605314,1.0000780060855283,16.040430455173084,1.5001170091282925,5.654820201298209,0.8562987006811229,0.3018756388420608,0.0
18 - m1_load_0.5Nm_m2_mechanically_imbalanced_on_background_half_speed.csv,27.33936173328711,3.622814892822835,0.0,0.8198682063642598,0.1702375590913215,0.0098942345444178,81.98682063642605,17.023755909132163,0.9894234544417808,0.9000702054769756,12.39066240697232,1.8001404109539512,6.784953394559275,2.700210616430927,3.5777297519693514,0.5475860104736071,0.2887440263045288,0.0
18 - m1_load_0.5Nm_m2_mechanically_imbalanced_on_background_half_speed.csv,26.54301775726344,3.2991222708898023,0.0,0.7887574738029864,0.1989438401067259,0.0122986860902871,78.87574738029869,19.8943840106726,1.2298686090287108,0.7000546042598699,11.470241457963676,1.4001092085197397,6.9831519375957685,2.1001638127796096,3.804501600904735,0.6088060101600943,0.3316845259838281,0.0
18 - m1_load_0.5Nm_m2_mechanically_imbalanced_on_background_half_speed.csv,27.509422641441088,3.400867756203109,0.0,0.8451453134181722,0.1456323441148233,0.0092223424670037,84.51453134181729,14.56323441148234,0.9222342467003706,1.200093607302634,13.377718178075616,2.400187214605268,1.8513376737603773,3.6002808219079023,1.8827225481905683,0.1383896453129417,0.1407357011957474,0.0
18 - m1_load_0.5Nm_m2_mechanically_imbalanced_on_background_half_speed.csv,31.074802036625265,3.293688257209453,0.0,0.856045185109422,0.1369638587168615,0.0069909561737159,85.60451851094224,13.696385871686157,0.6990956173715903,0.8000624048684227,17.67641331062806,1.6001248097368455,7.03915087427012,2.400187214605268,2.7957011636255977,0.3982228040593384,0.1581599793180138,0.0
19 - m1_mechanically_imbalanced_load_0.5Nm_m2_mechanically_imbalanced_on_background_half_speed.csv,28.52302642635124,3.7017647225069834,0.0,0.7252820457731741,0.2609444206013654,0.013773533625459,72.52820457731752,26.09444206013658,1.3773533625459022,1.0775327947106874,8.971851305992972,2.155065589421375,3.823601997086881,3.2325983841320625,3.107283803049504,0.4261775933059446,0.3463369707179516,0.0
19 - m1_mechanically_imbalanced_load_0.5Nm_m2_mechanically_imbalanced_on_background_half_speed.csv,27.380699327555348,3.461203997300126,0.0,0.8894453231390502,0.1049935967426892,0.0055610801182602,88.94453231390507,10.499359674268925,0.5561080118260202,0.9116342766393364,15.925891652274478,1.8232685532786728,9.76174589441957,2.734902829918009,4.046501570751637,0.6129481543361771,0.2540832035720732,0.0
19 - m1_mechanically_imbalanced_load_0.5Nm_m2_mechanically_imbalanced_on_background_half_speed.csv,36.60043795334508,3.4827882704916493,0.0,0.866548269859573,0.1268439385926868,0.0066077915477393,86.65482698595737,12.684393859268692,0.6607791547739306,1.012926974043707,14.400699735856682,2.025853948087414,6.477507156887031,3.038780922131121,5.163975937535288,0.4498050286236102,0.3585920151280822,0.0
19 - m1_mechanically_imbalanced_load_0.5Nm_m2_mechanically_imbalanced_on_background_half_speed.csv,32.46311747225592,3.347403142419909,0.0,0.8592931102693775,0.1340120820546551,0.0066948076759665,85.92931102693782,13.40120820546552,0.6694807675966505,1.0129269740456337,11.446229512250856,2.0258539480912674,9.3544364602336,3.038780922136901,4.1595800779539145,0.8172504710150694,0.3634017711685697,0.0
19 - m1_mechanically_imbalanced_load_0.5Nm_m2_mechanically_imbalanced_on_background_half_speed.csv,36.64062953388102,3.388239742836412,0.0,0.8679389653493054,0.1254661177211952,0.0065949169294988,86.7938965349306,12.54661177211953,0.6594916929498804,0.7090488818319434,12.605981836483195,1.4180977636638867,10.811303683682581,2.12714664549583,6.616127435438113,0.8576328146367304,0.5248403116281083,0.0
19 - m1_mechanically_imbalanced_load_0.5Nm_m2_mechanically_imbalanced_on_background_half_speed.csv,38.17421512891178,3.4950696553052247,0.0,0.9182255919694132,0.0775574065782024,0.0042170014523841,91.82255919694134,7.755740657820241,0.42170014523841015,0.6077561844250683,24.50846802115885,1.2155123688501366,7.45856823536855,1.8232685532752049,9.805790565564456,0.3043261712208759,0.400098062314578,0.0
19 - m1_mechanically_imbalanced_load_0.5Nm_m2_mechanically_imbalanced_on_background_half_speed.csv,19.12687688308356,3.676298631720058,0.0,0.8793602898012017,0.1146280230253422,0.0060116871734556,87.93602898012021,11.462802302534227,0.6011687173455603,0.8103415792365067,16.026806654160602,1.6206831584730135,6.241532457217904,2.43102473770952,3.7522995395204393,0.389443299086508,0.2341264620264407,0.0
19 - m1_mechanically_imbalanced_load_0.5Nm_m2_mechanically_imbalanced_on_background_half_speed.csv,35.7933333582716,3.64869740919044,0.0,0.9176435455741918,0.0783641116822235,0.0039923427435843,91.76435455741922,7.836411168222353,0.3992342743584302,0.7090488818292464,28.58208560863609,1.4180977636584928,9.826541318575078,2.1271466454877395,4.390964795128783,0.3438007097566731,0.1536264657258619,0.0
19 - m1_mechanically_imbalanced_load_0.5Nm_m2_mechanically_imbalanced_on_background_half_speed.csv,36.456002143334175,3.542956464325336,0.0,0.9193546133850188,0.0765516268428723,0.0040937597721087,91.9354613385019,7.655162684287231,0.4093759772108701,0.5064634870208903,25.77646825445551,1.0129269740417806,18.609059460470707,1.5193904610626707,14.623156371932104,0.7219398436112014,0.5673064373124299,0.0
19 - m1_mechanically_imbalanced_load_0.5Nm_m2_mechanically_imbalanced_on_background_half_speed.csv,32.480247759265275,3.522780350666949,0.0,0.8760003923231285,0.1178521594483417,0.006147448228529,87.60003923231292,11.785215944834178,0.6147448228529004,0.9116342766376024,13.3218125071288,1.8232685532752049,6.345818890401523,2.7349028299128073,4.293893236376701,0.4763480109786662,0.3223204976108876,0.0
19 - m1_mechanically_imbalanced_load_0.5Nm_m2_mechanically_imbalanced_on_background_half_speed.csv,21.974146636070888,3.471052535315774,0.0,0.8297058766639025,0.1615130933074656,0.0087810300286311,82.97058766639032,16.151309330746574,0.8781030028631107,0.6971070059231238,14.951704358268955,1.3942140118462476,6.086039473170817,2.0913210177693715,3.66770783375979,0.4070465364575622,0.2453036621026676,0.0
19 - m1_mechanically_imbalanced_load_0.5Nm_m2_mechanically_imbalanced_on_background_half_speed.csv,25.326079532147222,3.198230783096435,0.0,0.7928263130913429,0.1964514138490606,0.0107222730595957,79.28263130913435,19.645141384906072,1.072227305959571,0.9958671513261969,11.272200214358245,1.9917343026523937,5.477596516089223,2.9876014539785904,4.683954692632513,0.4859385401185474,0.4155315380812887,0.0
19 - m1_mechanically_imbalanced_load_0.5Nm_m2_mechanically_imbalanced_on_background_half_speed.csv,32.89975638490304,3.317855162115438,0.0,0.8623407981750346,0.130658802967304,0.0070003988576609,86.2340798175035,13.065880296730406,0.7000398857660903,0.8962804361868734,20.689575047432594,1.7925608723737467,5.407591702166526,2.68884130856062,5.9251805271117615,0.2613679444729612,0.2863848345617436,0.0
19 - m1_mechanically_imbalanced_load_0.5Nm_m2_mechanically_imbalanced_on_background_half_speed.csv,34.19714006739882,3.4022546900606154,0.0,0.8424410513223991,0.1493542306690024,0.0082047180085976,84.24410513223998,14.935423066900254,0.8204718008597608,0.6971070059231238,16.2630348157254,1.3942140118462476,5.442889587365648,2.0913210177693715,3.6262126230466114,0.3346785916059586,0.2229726901611424,0.0
19 - m1_mechanically_imbalanced_load_0.5Nm_m2_mechanically_imbalanced_on_background_half_speed.csv,30.87898851813979,3.4474902639650717,0.0,0.8197208394773529,0.1713832038659146,0.0088959566567319,81.97208394773534,17.13832038659147,0.8895956656731905,0.5975202907912489,15.574301261439274,1.1950405815824978,6.5684053535921025,1.7925608723737467,3.506708193213713,0.4217463912718158,0.2251599050479422,0.0
19 - m1_mechanically_imbalanced_load_0.5Nm_m2_mechanically_imbalanced_on_background_half_speed.csv,19.509207382798284,3.172086982861155,0.0,0.8077509341225656,0.1826804669407105,0.0095685989367231,80.77509341225662,18.268046694071064,0.9568598936723107,1.2946272967143726,10.053320204331108,2.589254593428745,4.833304948730329,3.883881890143118,3.796926863827013,0.4807670352176861,0.3776788947984811,0.0
19 - m1_mechanically_imbalanced_load_0.5Nm_m2_mechanically_imbalanced_on_background_half_speed.csv,40.10904903826561,3.587441717114507,0.0,0.8254626572058955,0.165726083248475,0.0088112595456291,82.54626572058959,16.572608324847504,0.8811259545629104,0.5975202907912489,17.005032725998834,1.1950405815824978,6.472369894225999,1.7925608723737467,8.095202730708678,0.3806149625534359,0.4760474655442444,0.0
19 - m1_mechanically_imbalanced_load_0.5Nm_m2_mechanically_imbalanced_on_background_half_speed.csv,23.59030676975096,3.1508609890727115,0.0,0.7401737193459883,0.2466146495678712,0.0132116310861392,74.01737193459893,24.661464956787153,1.3211631086139217,44.81402180934367,8.79659646081463,89.62804361868734,0.332213747090083,134.44206542803101,0.10945260114136786,0.0377661688324529,0.0124426079596735,0.0
19 - m1_mechanically_imbalanced_load_0.5Nm_m2_mechanically_imbalanced_on_background_half_speed.csv,48.2888647952841,3.379307854149123,0.0,0.8863785630052667,0.1078412338868277,0.0057802031079049,88.63785630052672,10.784123388682776,0.5780203107904903,0.6971070059231238,24.40130361514143,1.3942140118462476,10.864438555621943,2.0913210177693715,4.036597235141307,0.445240087455015,0.1654254747535918,0.0
19 - m1_mechanically_imbalanced_load_0.5Nm_m2_mechanically_imbalanced_on_background_half_speed.csv,21.424524867782,3.1704569970471805,0.0,0.7507794426204951,0.2363492334308321,0.0128713239486715,75.0779442620496,23.63492334308324,1.2871323948671516,0.8962804361868734,11.179846874793895,1.7925608723737467,3.378202595419047,2.68884130856062,4.548314177108066,0.3021689503668918,0.406831527126074,0.0
19 - m1_mechanically_imbalanced_load_0.5Nm_m2_mechanically_imbalanced_on_background_half_speed.csv,23.361598528010912,3.5301064486486236,0.0,0.8314741588529809,0.159538854650877,0.0089869864961411,83.14741588529817,15.953885465087716,0.8986986496141108,0.5975202907912489,17.60002890381921,1.1950405815824978,9.350674786670238,1.7925608723737467,2.8969483444047803,0.5312874676382571,0.164599067435403,0.0
19 - m1_mechanically_imbalanced_load_0.5Nm_m2_mechanically_imbalanced_on_background_half_speed.csv,40.41546310920858,3.4688091046344587,0.0,0.8169534165883396,0.1735072817552897,0.0095393016563698,81.69534165883402,17.350728175528985,0.9539301656369809,0.5975202907912489,12.167267353469905,1.1950405815824978,12.071483296123775,1.7925608723737467,5.499077025209739,0.9921277264184704,0.4519566197944596,0.0
19 - m1_mechanically_imbalanced_load_0.5Nm_m2_mechanically_imbalanced_on_background_half_speed.csv,20.07925034436783,3.1520048850095126,0.0,0.7726325821065153,0.2154289507519655,0.0119384671415182,77.2632582106516,21.542895075196572,1.193846714151821,0.7966937210549986,11.832371423409397,1.5933874421099972,6.187551456960253,2.3900811631649956,3.6242404349942556,0.5229341807778852,0.306298738038597,0.0
19 - m1_mechanically_imbalanced_load_0.5Nm_m2_mechanically_imbalanced_on_background_half_speed.csv,36.807553370550366,3.6231774511294157,0.0,0.834221814392921,0.1573265228670808,0.0084516627399975,83.42218143929216,15.73265228670809,0.8451662739997505,0.7966937210549986,13.514641283135012,1.5933874421099972,8.092451257459599,2.3900811631649956,5.044153744969959,0.598791420942723,0.3732362287162282,0.0
19 - m1_mechanically_imbalanced_load_0.5Nm_m2_mechanically_imbalanced_on_background_half_speed.csv,21.109668198566613,3.5164666266601667,0.0,0.8244628152457761,0.1667800424021792,0.0087571423520441,82.44628152457767,16.67800424021793,0.8757142352044105,0.7966937210549986,13.94344379713568,1.5933874421099972,7.167146953134014,2.3900811631649956,4.797834805358675,0.5140155514957014,0.3440925265782809,0.0
19 - m1_mechanically_imbalanced_load_0.5Nm_m2_mechanically_imbalanced_on_background_half_speed.csv,21.75211921793969,3.263188029672499,0.0,0.8564597116176478,0.1363325032337654,0.0072077851485861,85.64597116176483,13.633250323376547,0.7207785148586104,0.5975202907912489,14.224434943741915,1.1950405815824978,12.833608458245676,1.7925608723737467,5.882284409030959,0.9022227251207516,0.413533784104295,0.0
19 - m1_mechanically_imbalanced_load_0.5Nm_m2_mechanically_imbalanced_on_background_half_speed.csv,36.20150138676311,3.907718553400314,0.0,0.810932205779342,0.179412631066038,0.0096551631546191,81.09322057793428,17.941263106603813,0.9655163154619109,0.9958671513336452,10.762146276112828,1.9917343026672905,5.5888579392151945,2.9876014540009357,3.25759556547228,0.519307003996031,0.3026901402281338,0.0
19 - m1_mechanically_imbalanced_load_0.5Nm_m2_mechanically_imbalanced_on_background_half_speed.csv,24.15308997903023,3.8081638982605863,0.0,0.8306498339412426,0.1610300342685838,0.0083201317901729,83.06498339412431,16.103003426858393,0.8320131790172907,0.6971070059335517,17.19775015423359,1.3942140118671034,3.351167081875511,2.091321017800655,4.7618841383758275,0.1948607842201121,0.2768899475611692,0.0
20 - m1_electrically_50_ohm_fault_m2_imbalanced_on_background_half_speed.csv,37.05247408233685,3.4105528049619913,0.0,0.9400848198411966,0.0569418032351565,0.0029733769236466,94.00848198411968,5.694180323515651,0.29733769236466007,0.5000280015972948,41.48731061310149,1.0000560031945895,11.230036515374536,1.5000840047918844,23.38669031078618,0.2706860567584765,0.5637070700697764,0.0
20 - m1_electrically_50_ohm_fault_m2_imbalanced_on_background_half_speed.csv,63.00860017789704,3.1600096259127857,0.0,0.9172904673369296,0.0789141506749274,0.0037953819881425,91.72904673369301,7.891415067492743,0.37953819881425016,0.7000392022362126,19.466966893545333,1.4000784044724253,15.478383278505948,2.100117606708638,6.81822804920522,0.7951101660134903,0.3502460391744921,0.0
20 - m1_electrically_50_ohm_fault_m2_imbalanced_on_background_half_speed.csv,34.30322947873914,3.481547753665512,0.0,0.9230105783386044,0.0734112787087181,0.0035781429526773,92.30105783386045,7.34112787087181,0.35781429526773006,0.5000280015972948,28.620867795931872,1.0000560031945895,17.40994653429539,1.5000840047918844,15.315632864762346,0.6082955505901891,0.5351211910820988,0.0
20 - m1_electrically_50_ohm_fault_m2_imbalanced_on_background_half_speed.csv,31.82124331452353,3.3499152411876176,0.0,0.9197826845922324,0.0763375320241046,0.0038797833836627,91.97826845922326,7.633753202410462,0.3879783383662701,1.2000672038335074,25.291634469696383,2.400134407667015,3.530789042315089,3.6002016115005224,0.8774466119605323,0.1396030393585502,0.0346931556761134,0.0
20 - m1_electrically_50_ohm_fault_m2_imbalanced_on_background_half_speed.csv,30.20270885029129,3.310915829353752,0.0,0.85333673802788,0.1398067787476168,0.0068564832245027,85.33367380278804,13.980677874761685,0.6856483224502704,1.5000840047918842,17.79199789178142,3.0001680095837684,3.537536078371497,4.500252014375652,1.86803905722218,0.1988273660939211,0.1049932148477308,0.0
20 - m1_electrically_50_ohm_fault_m2_imbalanced_on_background_half_speed.csv,51.87482669155495,3.129439097982133,0.0,0.8837183355488862,0.1109291056379885,0.0053525588131248,88.37183355488867,11.092910563798855,0.5352558813124801,1.0000560031945895,17.984758913979828,2.000112006389179,5.722341499495935,3.000168009583769,3.2463986655148735,0.3181772703690719,0.1805083226882401,0.0
20 - m1_electrically_50_ohm_fault_m2_imbalanced_on_background_half_speed.csv,44.15390944808613,3.2439006712540523,0.0,0.9368955203760788,0.0600209105066348,0.0030835691172864,93.68955203760788,6.00209105066348,0.30835691172864,1.2000672038335074,27.676392723231032,2.400134407667015,4.777782276050973,3.6002016115005224,1.9713689415991804,0.1726302384790412,0.0712292588601856,0.0
20 - m1_electrically_50_ohm_fault_m2_imbalanced_on_background_half_speed.csv,38.70476456119761,3.0840973477022713,0.0,0.8919970231861776,0.1028054309592719,0.0051975458545499,89.19970231861781,10.280543095927197,0.5197545854549903,0.6012759074369508,19.02685766949621,1.2025518148739016,8.66886642443555,1.8038277223108525,14.905240233051996,0.4556120918659861,0.7833789736572226,0.0
20 - m1_electrically_50_ohm_fault_m2_imbalanced_on_background_half_speed.csv,29.336567177406163,3.021840066480939,0.0,0.922677496449164,0.0736168800732968,0.0037056234775392,92.26774964491639,7.361688007329679,0.37056234775392,1.0000560031945895,20.13439869659619,2.000112006389179,4.455252660518931,3.000168009583769,3.5015133958956755,0.2212756749111217,0.1739070259141944,0.0
20 - m1_electrically_50_ohm_fault_m2_imbalanced_on_background_half_speed.csv,48.88551764324289,3.24065420439105,0.0,0.9033499978352104,0.0919943589997265,0.0046556431650626,90.33499978352108,9.199435899972652,0.46556431650626023,1.2000672038335074,25.125107342949867,2.400134407667015,5.535718542582844,3.6002016115005224,2.7988688967060806,0.220326164860592,0.111397291104169,0.0
20 - m1_electrically_50_ohm_fault_m2_imbalanced_on_background_half_speed.csv,34.60815739417759,3.334845527715764,0.0,0.9503925072059672,0.0474094476071552,0.0021980451868776,95.03925072059673,4.74094476071552,0.21980451868776,0.9000504028751305,35.777558597181795,1.800100805750261,7.23191712910123,2.7001512086253916,3.248248591650367,0.2021355680113648,0.0907901131047615,0.0
20 - m1_electrically_50_ohm_fault_m2_imbalanced_on_background_half_speed.csv,50.385064630824026,3.3473009927685995,0.0,0.9526591603262872,0.0450603352851656,0.0022805043885471,95.26591603262874,4.506033528516561,0.22805043885471002,0.8017012099159344,33.01907324496387,1.6034024198318688,9.677709051040035,2.4051036297478032,4.41907707038966,0.2930945087175061,0.1338340733431598,0.0
20 - m1_electrically_50_ohm_fault_m2_imbalanced_on_background_half_speed.csv,44.69911065055703,3.0574786528484657,0.0,0.9082638838486372,0.0875473486398886,0.004188767511474,90.82638838486373,8.754734863988862,0.4188767511474001,0.8000448025556716,21.74290227358958,1.6000896051113431,16.037376609849844,2.400134407667015,2.877332974057367,0.7375913485721702,0.1323343561890711,0.0
20 - m1_electrically_50_ohm_fault_m2_imbalanced_on_background_half_speed.csv,47.61282569039645,3.1935587626239172,0.0,0.9144720484629764,0.0815959121836532,0.00393203935337,91.44720484629767,8.159591218365323,0.3932039353370001,0.7000392022362126,26.11064097001473,1.4000784044724253,19.186964509170178,2.100117606708638,9.15509973823875,0.7348331483399564,0.3506271542223877,0.0
20 - m1_electrically_50_ohm_fault_m2_imbalanced_on_background_half_speed.csv,21.948210125334462,3.134651313549015,0.0,0.8725425815291553,0.1214599474861378,0.0059974709847065,87.25425815291557,12.145994748613784,0.5997470984706502,1.1023391636344098,15.2403742373207,2.2046783272688195,6.800588158500842,3.3070174909032293,3.883404155861863,0.4462218612616172,0.2548102884738988,0.0
20 - m1_electrically_50_ohm_fault_m2_imbalanced_on_background_half_speed.csv,26.8431763760173,3.3717199416079278,0.0,0.8753444652189086,0.1185593109603198,0.0060962238207709,87.53444652189091,11.855931096031988,0.6096223820770904,0.6012759074369508,16.682581294039757,1.2025518148739016,13.643637870280505,1.8038277223108525,9.094136883908758,0.8178373376280214,0.5451276827979763,0.0
20 - m1_electrically_50_ohm_fault_m2_imbalanced_on_background_half_speed.csv,28.398212825056927,3.311888237617176,0.0,0.9137026414067168,0.082184979833608,0.0041123787596746,91.37026414067174,8.218497983360805,0.41123787596746025,0.5010632561974591,27.82679800991052,1.0021265123949181,10.368192454766998,1.5031897685923772,14.587031770519971,0.3725973951826712,0.5242080589123045,0.0
20 - m1_electrically_50_ohm_fault_m2_imbalanced_on_background_half_speed.csv,27.91151084319141,3.2037285556319994,0.0,0.8943322525163989,0.1003918320309202,0.0052759154526804,89.43322525163994,10.039183203092024,0.5275915452680403,1.402977117352885,18.81419488879895,2.80595423470577,3.728562743534818,4.208931352058656,1.4375099652184058,0.198178171618421,0.076405606177399,0.0
20 - m1_electrically_50_ohm_fault_m2_imbalanced_on_background_half_speed.csv,27.93869209727558,3.268465014618622,0.0,0.9333264047667764,0.0635422874153137,0.0031313078179092,93.3326404766777,6.354228741531375,0.3131307817909202,0.5010632561974591,23.65218115548418,1.0021265123949181,20.649153299310797,1.5031897685923772,14.90466961334299,0.8730337876057964,0.6301604708404273,0.0
20 - m1_electrically_50_ohm_fault_m2_imbalanced_on_background_half_speed.csv,34.66380742187624,3.122071674069061,0.0,0.8864826274804011,0.107815947304324,0.0057014252152746,88.64826274804014,10.781594730432404,0.5701425215274603,1.402977117352885,21.075094581812984,2.80595423470577,2.988301970735165,4.208931352058656,2.9266389845429703,0.1417930514681513,0.1388671815057262,0.0
20 - m1_electrically_50_ohm_fault_m2_imbalanced_on_background_half_speed.csv,30.86340850956852,3.2751796443921024,0.0,0.9093974928039216,0.0861436653532513,0.0044588418428267,90.93974928039219,8.614366535325134,0.4458841842826701,1.402977117352885,22.39870992753229,2.80595423470577,3.216375803764374,4.208931352058656,3.07876600243135,0.143596475608215,0.1374528270776416,0.0
21 - m1_electrically_50_ohm_fault_load_0.5Nm_m2_mechanically_imbalanced_half_speed.csv,57.21295390013589,3.1668221346579557,0.0,0.975019650040974,0.0238479865214337,0.001132363437592,97.50196500409743,2.3847986521433704,0.11323634375920003,0.500028001538569,77.32650822380454,1.000056003077138,12.145943773200198,1.500084004615707,4.969310640906359,0.1570734803910509,0.0642639989190225,0.0
21 - m1_electrically_50_ohm_fault_load_0.5Nm_m2_mechanically_imbalanced_half_speed.csv,74.60146289944566,3.7534489896697765,0.0,0.9602577837171832,0.0379176411526696,0.0018245751301468,96.02577837171836,3.791764115266962,0.18245751301468008,0.8000448024617103,39.727332880579645,1.6000896049234206,6.595888637494851,2.400134407385131,5.0595220592159995,0.1660289820442286,0.1273561976693709,0.0
21 - m1_electrically_50_ohm_fault_load_0.5Nm_m2_mechanically_imbalanced_half_speed.csv,98.74621723545896,3.4273427765378592,0.0,0.9316861678855036,0.0650399447709228,0.0032738873435734,93.16861678855038,6.503994477092282,0.32738873435734006,0.6000336018462827,34.39851930400838,1.2000672036925655,14.627251446937295,1.800100805538848,6.193886312882915,0.4252291012198544,0.1800625851985773,0.0
21 - m1_electrically_50_ohm_fault_load_0.5Nm_m2_mechanically_imbalanced_half_speed.csv,46.5757478387037,3.6637336388311805,0.0,0.8948694819789246,0.1002227284047083,0.0049077896163669,89.48694819789247,10.022272840470832,0.49077896163669016,0.6000336018462827,20.566230046057544,1.2000672036925655,13.25883900205113,1.800100805538848,4.837268914044197,0.6446898129777943,0.2352044542539521,0.0
21 - m1_electrically_50_ohm_fault_load_0.5Nm_m2_mechanically_imbalanced_half_speed.csv,74.65601383247851,3.0742313859431634,0.0,0.9458564979672954,0.0516482669656309,0.0024952350670732,94.5856497967296,5.164826696563092,0.24952350670732015,0.900050402769424,39.97915327669008,1.800100805538848,8.118626161016646,2.700151208308272,2.560465372891342,0.2030714884036883,0.0640450125386779,0.0
21 - m1_electrically_50_ohm_fault_load_0.5Nm_m2_mechanically_imbalanced_half_speed.csv,86.47652105020586,3.2090878462469057,0.0,0.9687193850221376,0.029816769923576,0.0014638450542862,96.8719385022138,2.9816769923576003,0.14638450542862003,0.500028001538569,55.51849989973483,1.000056003077138,39.83243647752564,1.500084004615707,9.471780942496318,0.7174624053146632,0.1706058513757062,0.0
21 - m1_electrically_50_ohm_fault_load_0.5Nm_m2_mechanically_imbalanced_half_speed.csv,39.958382034446174,3.928150328768139,0.0,0.8756806683725566,0.1184102975578185,0.0059090340696243,87.56806683725571,11.841029755781857,0.5909034069624303,0.7000392021539965,21.35469633556491,1.400078404307993,6.849650926405391,2.1001176064619895,6.225369002131704,0.3207561849052251,0.2915222443020059,0.0
21 - m1_electrically_50_ohm_fault_load_0.5Nm_m2_mechanically_imbalanced_half_speed.csv,73.07236603603286,3.6205858627389387,0.0,0.9660463584029214,0.0323564887749442,0.001597152822134,96.60463584029218,3.235648877494421,0.15971528221340006,0.5000280015972948,69.62630173766529,1.0000560031945895,18.910351431433487,1.5000840047918844,7.3570559101457,0.2715978151860345,0.1056648956864788,0.0
21 - m1_electrically_50_ohm_fault_load_0.5Nm_m2_mechanically_imbalanced_half_speed.csv,56.32158074352223,3.2238420087850823,0.0,0.9082158955374384,0.0874358080754622,0.0043482963870992,90.82158955374386,8.743580807546222,0.43482963870992003,0.6000336019167537,27.636796751690984,1.2000672038335074,6.5807219556422485,1.8001008057502612,10.253577094385346,0.2381144969429064,0.3710117777581431,0.0
21 - m1_electrically_50_ohm_fault_load_0.5Nm_m2_mechanically_imbalanced_half_speed.csv,64.7655871648467,3.2102050752384037,0.0,0.9370594806636524,0.0600085694299668,0.0029319499063805,93.70594806636527,6.000856942996682,0.2931949906380501,0.5000280015972948,42.38486009404399,1.0000560031945895,14.290931172251263,1.5000840047918844,4.054635218655082,0.3371706581204324,0.0956623475849304,0.0
21 - m1_electrically_50_ohm_fault_load_0.5Nm_m2_mechanically_imbalanced_half_speed.csv,64.85397833898948,3.520871137715649,0.0,0.9613932174091672,0.0368770593610171,0.0017297232298156,96.13932174091673,3.6877059361017106,0.17297232298156004,0.8000448024617103,43.77338430818791,1.6000896049234206,5.913419910868072,2.400134407385131,4.9425041336371605,0.135091677381727,0.1129111722054503,0.0
21 - m1_electrically_50_ohm_fault_load_0.5Nm_m2_mechanically_imbalanced_half_speed.csv,50.5661481537492,3.040931917504987,0.0,0.9267708676950958,0.0696596987356598,0.003569433569244,92.67708676950961,6.9659698735659825,0.35694335692440016,0.500028001538569,37.76239125828764,1.000056003077138,13.091800691440996,1.500084004615707,2.149951431626868,0.3466888683477576,0.0569336675985799,0.0
21 - m1_electrically_50_ohm_fault_load_0.5Nm_m2_mechanically_imbalanced_half_speed.csv,74.7537182239748,3.2976863028190726,0.0,0.9692986484932862,0.0293140491394914,0.0013873023672221,96.92986484932865,2.931404913949141,0.13873023672221005,0.6000336018462827,57.93955236473924,1.2000672036925655,16.111079312685806,1.800100805538848,3.46698371011719,0.2780670311579877,0.0598379443508977,0.0
21 - m1_electrically_50_ohm_fault_load_0.5Nm_m2_mechanically_imbalanced_half_speed.csv,44.713015998569695,3.266465604391839,0.0,0.9331588664820908,0.0638626728372161,0.0029784606806928,93.31588664820909,6.386267283721612,0.29784606806928005,0.500028001538569,40.463415706405065,1.000056003077138,19.500541725151905,1.500084004615707,8.81266948549108,0.4819301926126101,0.2177935137615211,0.0
21 - m1_electrically_50_ohm_fault_load_0.5Nm_m2_mechanically_imbalanced_half_speed.csv,60.079579268918856,3.1941891493325705,0.0,0.9267937963918574,0.0697652518303709,0.0034409517777715,92.67937963918575,6.976525183037092,0.34409517777715004,0.7000392021539965,31.772033286077797,1.400078404307993,4.356834226545965,2.1001176064619895,7.129194854931721,0.1371279636816662,0.2243858550297965,0.0
21 - m1_electrically_50_ohm_fault_load_0.5Nm_m2_mechanically_imbalanced_half_speed.csv,36.24403072019872,3.590568056827479,0.0,0.948085554166084,0.049519841842998,0.0023946039909179,94.80855541660841,4.951984184299801,0.23946039909179004,0.7000392021539965,40.75787108970844,1.400078404307993,9.232946960411155,2.1001176064619895,3.0787979467095288,0.2265316296842236,0.075538733118152,0.0
21 - m1_electrically_50_ohm_fault_load_0.5Nm_m2_mechanically_imbalanced_half_speed.csv,111.275736492854,3.121440415115613,0.0,0.910966008929054,0.0849255815702289,0.0041084095007168,91.09660089290543,8.492558157022895,0.4108409500716801,0.500028001538569,30.103344226759983,1.000056003077138,14.299251548527293,1.500084004615707,5.6088209217416,0.4750054160366726,0.1863188647577471,0.0
21 - m1_electrically_50_ohm_fault_load_0.5Nm_m2_mechanically_imbalanced_half_speed.csv,67.56076911561871,3.65287631041782,0.0,0.9442089332148864,0.0531660335703024,0.0026250332148108,94.42089332148869,5.3166033570302424,0.26250332148108013,0.900050402769424,32.21652911334734,1.800100805538848,7.81455099265301,2.700151208308272,2.2160338330954823,0.242563404802519,0.0687856170135155,0.0
21 - m1_electrically_50_ohm_fault_load_0.5Nm_m2_mechanically_imbalanced_half_speed.csv,90.0577637773054,3.352282824111301,0.0,0.9527883298863484,0.0450300404030098,0.0021816297106414,95.27883298863487,4.503004040300982,0.21816297106414007,0.500028001538569,48.25139615229601,1.000056003077138,22.09760180175487,1.500084004615707,5.551979327358997,0.4579681328185437,0.1150635996072584,0.0
21 - m1_electrically_50_ohm_fault_load_0.5Nm_m2_mechanically_imbalanced_half_speed.csv,46.26465366514206,3.1069534160299863,0.0,0.9266331475342808,0.0701142896249683,0.0032525628407504,92.66331475342814,7.011428962496833,0.32525628407504015,0.6000336018462827,38.2147534236859,1.2000672036925655,12.703784849582767,1.800100805538848,3.956160891727875,0.3324314227213836,0.1035244385294347,0.0
22 - m1_electrically_100_ohm_fault_m2_mechanically_imbalanced_half_speed.csv,23.769771897294643,3.3459395669158565,0.0,0.8479232579775541,0.1452331787911023,0.0068435632313429,84.79232579775547,14.52331787911024,0.6843563231342904,0.5365329583613553,23.456029697978483,1.0730659167227106,4.746718604414987,1.6095988750840657,5.568112921576379,0.2023666692758355,0.2373851411885046,0.0
22 - m1_electrically_100_ohm_fault_m2_mechanically_imbalanced_half_speed.csv,37.359157469780286,2.990796374578344,0.0,0.8512017593307989,0.1411555326297799,0.0076427080394206,85.12017593307995,14.115553262977999,0.7642708039420606,0.505446284807739,17.931272247211794,1.010892569615478,11.705491149999215,1.516338854423217,4.543885630224056,0.6527975811543071,0.2534056461571266,0.0
22 - m1_electrically_100_ohm_fault_m2_mechanically_imbalanced_half_speed.csv,28.77972781667029,3.316676602962403,0.0,0.8232823109011512,0.1676387687221651,0.0090789203766828,82.3282310901152,16.763876872216525,0.9078920376682807,44.88839232580255,9.753000974622132,89.7767846516051,0.22521158860884002,134.66517697740764,0.2320808233861249,0.0230915170822656,0.0237958371982134,0.0
22 - m1_electrically_100_ohm_fault_m2_mechanically_imbalanced_half_speed.csv,13.82552728735274,3.7594793254370225,0.0,0.8035671038039428,0.1861161535235735,0.0103167426724826,80.35671038039436,18.611615352357372,1.031674267248261,2.219201418358504,10.698492601899243,4.438402836717008,2.317016388180877,6.657604255075512,1.1629509285230966,0.2165740982771302,0.1087023164662136,0.0
22 - m1_electrically_100_ohm_fault_m2_mechanically_imbalanced_half_speed.csv,15.508028424222209,3.18284470785134,0.0,0.7920899740270535,0.1974565858553741,0.0104534401175716,79.20899740270542,19.745658585537427,1.0453440117571609,1.0087279174356836,14.871631343050792,2.017455834871367,5.136927293610106,3.026183752307051,1.8614655222038687,0.3454178748191258,0.1251688855959769,0.0
22 - m1_electrically_100_ohm_fault_m2_mechanically_imbalanced_half_speed.csv,32.146200240051606,3.2269576492700804,0.0,0.8771395222479454,0.1165931422580146,0.0062673354940394,87.71395222479458,11.659314225801468,0.6267335494039403,0.5043639587178418,24.27506113078315,1.0087279174356836,14.97447279401275,1.5130918761535255,7.37815598074802,0.616866532831246,0.3039397487403975,0.0
22 - m1_electrically_100_ohm_fault_m2_mechanically_imbalanced_half_speed.csv,47.31657231444527,3.486781603714402,0.0,0.8424585549924596,0.1492363990825209,0.0083050459250188,84.24585549924603,14.923639908252103,0.8305045925018807,0.5054462848048489,14.139258844126472,1.0108925696096978,9.64339546239079,1.5163388544145466,11.741706748294417,0.6820297703508492,0.830432972317498,0.0
22 - m1_electrically_100_ohm_fault_m2_mechanically_imbalanced_half_speed.csv,36.246392161806526,3.0995326136128085,0.0,0.8960008394862321,0.0983915562780274,0.0056076042357401,89.60008394862324,9.839155627802743,0.5607604235740102,0.7076247987267884,21.15123891659358,1.4152495974535768,14.838900063479835,2.1228743961803653,10.0956600222689,0.7015617440658956,0.4773082116881885,0.0
22 - m1_electrically_100_ohm_fault_m2_mechanically_imbalanced_half_speed.csv,30.022984262963185,3.3433585804297277,0.0,0.8259064181321295,0.1646653516914782,0.0094282301763916,82.59064181321301,16.46653516914783,0.9428230176391607,1.7185173683364865,13.412123893086976,3.437034736672973,5.3469088550735595,5.155552105009459,2.2004129183274763,0.3986623518911514,0.1640614816764135,0.0
22 - m1_electrically_100_ohm_fault_m2_mechanically_imbalanced_half_speed.csv,37.45924585557909,3.1916852180925,0.0,0.8908431435249218,0.1035855386922526,0.0055713177828253,89.0843143524922,10.358553869225263,0.5571317782825302,0.5043639587159233,21.10143392778732,1.0087279174318466,12.847092984912743,1.51309187614777,6.729920054022781,0.608825591136492,0.3189318828783725,0.0
22 - m1_electrically_100_ohm_fault_m2_mechanically_imbalanced_half_speed.csv,14.770765784732696,3.331945760619651,0.0,0.7517593754193177,0.2352118946251789,0.0130287299555024,75.17593754193184,23.521189462517917,1.3028729955502414,0.7933910525357376,11.607547485318522,1.5867821050714752,4.10973195982798,2.3801731576072127,5.811100418137134,0.3540568724811213,0.5006311992681607,0.0
22 - m1_electrically_100_ohm_fault_m2_mechanically_imbalanced_half_speed.csv,32.584529199001324,3.4092173098788154,0.0,0.7585597132429063,0.2284945980017337,0.0129456887553593,75.85597132429068,22.84945980017339,1.294568875535931,44.92576834983614,9.577104789625524,89.85153669967228,0.33914189663933714,134.7773050495084,0.32345713973554585,0.0354117349751373,0.0337740002684249,0.0
22 - m1_electrically_100_ohm_fault_m2_mechanically_imbalanced_half_speed.csv,39.99710270801575,3.217769630489093,0.0,0.8131727353998306,0.1766214530109514,0.0102058115892175,81.3172735399831,17.66214530109515,1.0205811589217506,0.5950432894018032,16.708051628184148,1.1900865788036064,8.030966500122338,1.7851298682054095,4.838166416428312,0.4806644532133968,0.2895709520233347,0.0
22 - m1_electrically_100_ohm_fault_m2_mechanically_imbalanced_half_speed.csv,27.85151494197172,3.3207460721745927,0.0,0.7204880631521924,0.2642466985099251,0.0152652383378813,72.04880631521932,26.424669850992544,1.5265238337881317,0.5950432894062538,13.27557095165838,1.1900865788125077,4.180908110874385,1.7851298682187615,4.07006511426728,0.3149324519524418,0.3065830561328022,0.0
22 - m1_electrically_100_ohm_fault_m2_mechanically_imbalanced_half_speed.csv,24.532307325602016,3.4346642006859356,0.0,0.7480867120576669,0.2387811915762887,0.0131320963660433,74.80867120576677,23.878119157628895,1.3132096366043315,0.5950432893973527,12.095668428491075,1.1900865787947055,3.481988354028534,1.7851298681920582,5.098489114848509,0.2878706848334887,0.4215136306844467,0.0
22 - m1_electrically_100_ohm_fault_m2_mechanically_imbalanced_half_speed.csv,39.82650207437871,3.426020568450101,0.0,0.7622542551693862,0.2256487665383465,0.0120969782922664,76.22542551693869,22.564876653834673,1.2096978292266412,44.925768349500125,9.830536459543868,89.85153669900025,0.2584925480494273,134.77730504850038,0.22555158622953866,0.0262948567571277,0.022943975352491,0.0
22 - m1_electrically_100_ohm_fault_m2_mechanically_imbalanced_half_speed.csv,22.004072979875307,3.218669495211183,0.0,0.8192688196623527,0.1714832908183491,0.0092478895192975,81.92688196623533,17.148329081834923,0.9247889519297506,0.6942171709635782,17.176459251927984,1.3884343419271563,6.245277534800233,2.0826515128907346,6.246995257735231,0.363595164940599,0.3636951694240495,0.0
22 - m1_electrically_100_ohm_fault_m2_mechanically_imbalanced_half_speed.csv,27.97218957964002,3.4859843680742633,0.0,0.8060856325430852,0.1840787337824708,0.0098356336744433,80.60856325430858,18.407873378247096,0.9835633674443307,0.5950432893973527,12.736669536387062,1.1900865787947055,11.557810734019391,1.7851298681920582,3.845945182345915,0.9074437160358272,0.301958464994207,0.0
22 - m1_electrically_100_ohm_fault_m2_mechanically_imbalanced_half_speed.csv,23.66553042848925,3.1283929592109536,0.0,0.7068015930745594,0.2781322151633676,0.0150661917620719,70.68015930745602,27.813221516336792,1.5066191762071919,44.925768349500125,8.882876692527468,89.85153669900025,0.27567206133830807,134.77730504850038,0.14338414164001065,0.0310340974979661,0.0161416336850234,0.0
23 - m1_electrically_100_ohm_fault_load_0.5Nm_m2_mechanically_imbalanced_half_speed.csv,44.58436953559939,3.7818037576321197,0.0,0.868858987411269,0.1255990523755029,0.0055419602132276,86.88589874112694,12.559905237550295,0.5541960213227602,0.6000744091945159,17.978398053006956,1.2001488183890319,7.46826734089579,1.800223227583548,11.474720420822573,0.4154022688159746,0.6382504373855146,0.0
23 - m1_electrically_100_ohm_fault_load_0.5Nm_m2_mechanically_imbalanced_half_speed.csv,47.8707033812457,3.470711905364876,0.0,0.8569460915704193,0.136611948965332,0.006441959464248,85.694609157042,13.661194896533209,0.6441959464248005,0.7000868107269352,16.589249230159275,1.4001736214538705,6.092168624191083,2.100260432180806,6.824796565061449,0.3672359453805488,0.4113987601472622,0.0
23 - m1_electrically_100_ohm_fault_load_0.5Nm_m2_mechanically_imbalanced_half_speed.csv,55.631018025339856,3.4751084397526006,0.0,0.8824905707699037,0.1122891714927755,0.0052202577373206,88.24905707699038,11.228917149277551,0.5220257737320602,0.5000620076620966,20.535129438593696,1.0001240153241933,15.29229120305312,1.50018602298629,8.037516114394302,0.7446893017539401,0.3914032360219072,0.0
23 - m1_electrically_100_ohm_fault_load_0.5Nm_m2_mechanically_imbalanced_half_speed.csv,35.94390422423752,3.4316755174521987,0.0,0.91060333344165,0.0852662331398411,0.0041304334185087,91.06033334416502,8.52662331398411,0.4130433418508701,0.5000620076620966,24.60934163142901,1.0001240153241933,6.687377105692401,1.50018602298629,21.52768629252707,0.271741406407713,0.8747770100860274,0.0
23 - m1_electrically_100_ohm_fault_load_0.5Nm_m2_mechanically_imbalanced_half_speed.csv,51.64758562030089,3.335887235285075,0.0,0.8570358862641968,0.1367949790832952,0.0061691346525074,85.70358862641973,13.679497908329528,0.6169134652507404,1.900235629115967,13.57480283022965,3.800471258231934,2.8402645102586757,5.700706887347901,1.756529214590383,0.2092306271980398,0.1293962966945478,0.0
23 - m1_electrically_100_ohm_fault_load_0.5Nm_m2_mechanically_imbalanced_half_speed.csv,73.41728235397686,3.7683369461048666,0.0,0.9058579637370434,0.0895590754031203,0.0045829608598362,90.58579637370434,8.95590754031203,0.45829608598362004,0.5000620076620966,27.29801124296081,1.0001240153241933,13.595935226169182,1.50018602298629,9.671350399398401,0.4980558878506247,0.3542877286304986,0.0
23 - m1_electrically_100_ohm_fault_load_0.5Nm_m2_mechanically_imbalanced_half_speed.csv,50.02505481205869,3.180066875298305,0.0,0.9213286211799868,0.0752622302455862,0.0034091485744265,92.13286211799873,7.5262230245586235,0.3409148574426502,0.7000868107269352,30.60652658214176,1.4001736214538705,9.167781634580566,2.100260432180806,4.83686597760231,0.2995368197033428,0.1580338090511883,0.0
23 - m1_electrically_100_ohm_fault_load_0.5Nm_m2_mechanically_imbalanced_half_speed.csv,34.48940810744924,3.179723475020314,0.0,0.9152739610656522,0.0808615462380994,0.0038644926962482,91.52739610656523,8.086154623809941,0.3864492696248201,0.6000744091945159,26.444101708894223,1.2001488183890319,9.10176410074645,1.800223227583548,11.600118896045203,0.3441888176403874,0.4386656436185016,0.0
23 - m1_electrically_100_ohm_fault_load_0.5Nm_m2_mechanically_imbalanced_half_speed.csv,48.01617264017661,3.6215438215555675,0.0,0.9379150877188251,0.0592384196613844,0.0028464926197901,93.79150877188255,5.923841966138442,0.2846492619790101,0.5000620076620966,46.230710883866514,1.0001240153241933,9.105806063048458,1.50018602298629,7.797164326011833,0.1969644396324042,0.168657677481937,0.0
23 - m1_electrically_100_ohm_fault_load_0.5Nm_m2_mechanically_imbalanced_half_speed.csv,32.4047954895116,3.54592915213166,0.0,0.9166140499638388,0.0797049699894502,0.0036809800467106,91.66140499638392,7.970496998945023,0.3680980046710602,0.5000620076620966,34.228608095922915,1.0001240153241933,15.904004509786773,1.50018602298629,8.720117193888175,0.4646407024561759,0.2547610808318804,0.0
23 - m1_electrically_100_ohm_fault_load_0.5Nm_m2_mechanically_imbalanced_half_speed.csv,41.51934498271894,3.5830110509127477,0.0,0.8317716077705409,0.1604198523960594,0.0078085398333989,83.17716077705417,16.041985239605957,0.7808539833398905,0.5000620076620966,13.48789355125968,1.0001240153241933,11.44674646131099,1.50018602298629,9.04111068514078,0.8486682088502946,0.6703130218800103,0.0
23 - m1_electrically_100_ohm_fault_load_0.5Nm_m2_mechanically_imbalanced_half_speed.csv,66.94115847604047,3.38616879833421,0.0,0.9148551489204744,0.0809736318100009,0.0041712192695244,91.48551489204746,8.097363181000095,0.41712192695244016,0.7000868107269352,21.2770754811923,1.4001736214538705,7.58223663165069,2.100260432180806,5.843065634560735,0.3563570866848194,0.2746178928455495,0.0
23 - m1_electrically_100_ohm_fault_load_0.5Nm_m2_mechanically_imbalanced_half_speed.csv,67.56342747916054,3.1819778324433825,0.0,0.8510833756161508,0.142240235673084,0.0066763887107645,85.10833756161514,14.22402356730841,0.6676388710764506,0.5000620076620966,18.622396073753503,1.0001240153241933,7.631764110783761,1.50018602298629,10.246871316487706,0.4098164425543503,0.5502445161141051,0.0
23 - m1_electrically_100_ohm_fault_load_0.5Nm_m2_mechanically_imbalanced_half_speed.csv,26.934346824259794,3.1281213895222773,0.0,0.913880509795945,0.0822070064969849,0.0039124837070696,91.38805097959455,8.220700649698493,0.3912483707069602,0.5000620076620966,36.23767401248454,1.0001240153241933,6.164657632402057,1.50018602298629,7.109198735289818,0.1701173654324011,0.1961825345865347,0.0
23 - m1_electrically_100_ohm_fault_load_0.5Nm_m2_mechanically_imbalanced_half_speed.csv,44.58011100273134,3.6515505503733032,0.0,0.8621560047837934,0.1317052062953094,0.0061387889208966,86.2156004783794,13.17052062953095,0.6138788920896605,0.5000620076620966,19.166168606217774,1.0001240153241933,6.452729288715779,1.50018602298629,11.340767598628753,0.3366728855042224,0.5917075985103069,0.0
23 - m1_electrically_100_ohm_fault_load_0.5Nm_m2_mechanically_imbalanced_half_speed.csv,67.10422990428157,3.3289584280601585,0.0,0.9297503839547304,0.066895710281153,0.0033539057641164,92.97503839547305,6.689571028115301,0.33539057641164005,0.6000744091945159,29.164026026889307,1.2001488183890319,8.46596810921574,1.800223227583548,8.71219188677754,0.2902880453271471,0.2987307677871662,0.0
23 - m1_electrically_100_ohm_fault_load_0.5Nm_m2_mechanically_imbalanced_half_speed.csv,48.087320212100494,3.6400310558155358,0.0,0.9066929429664828,0.0893451472885178,0.003961909744999,90.66929429664832,8.934514728851784,0.39619097449990015,0.5000620076620966,21.61792501519799,1.0001240153241933,17.330069508894056,1.50018602298629,12.445916192417076,0.8016527717951906,0.5757220539745261,0.0
23 - m1_electrically_100_ohm_fault_load_0.5Nm_m2_mechanically_imbalanced_half_speed.csv,58.48198263422791,3.6970879018636285,0.0,0.9265853040872374,0.07007298319447,0.0033417127182926,92.65853040872373,7.007298319447,0.33417127182926,0.7000868107269352,31.593786618573315,1.4001736214538705,4.076357081515679,2.100260432180806,7.222499530533078,0.1290240112946536,0.2286050614232839,0.0
23 - m1_electrically_100_ohm_fault_load_0.5Nm_m2_mechanically_imbalanced_half_speed.csv,29.034096350354872,4.079277871128818,0.0,0.8914894152072015,0.1034262010377745,0.0050843837550235,89.14894152072019,10.342620103777456,0.5084383755023504,0.5000620076620966,28.0340536095676,1.0001240153241933,11.670136857744682,1.50018602298629,6.823445176658736,0.4162843169338108,0.2433984493177254,0.0
23 - m1_electrically_100_ohm_fault_load_0.5Nm_m2_mechanically_imbalanced_half_speed.csv,32.188231079039575,3.4641116283389066,0.0,0.9304523669069832,0.0665483598019241,0.0029992732910924,93.04523669069835,6.654835980192412,0.2999273291092401,0.6000744091945159,31.56731629310369,1.2001488183890319,17.82010212158983,1.800223227583548,5.832975576443875,0.564511153122094,0.1847789505539363,0.0
24 - m1_electrically_150_ohm_fault_m2_imbalanced_on_background_half_speed.csv,28.486476933467884,3.3748655362668356,0.0,0.8290635487739417,0.1619944530605034,0.0089419981655541,82.90635487739425,16.199445306050354,0.8941998165554106,0.500015000448374,18.65560781346776,1.000030000896748,10.170407567107597,1.5000450013451219,6.096810646275273,0.5451662400281286,0.3268084699911999,0.0
24 - m1_electrically_150_ohm_fault_m2_imbalanced_on_background_half_speed.csv,25.31333107652639,3.281585246215189,0.0,0.7464318207970576,0.2409562358489573,0.0126119433539841,74.64318207970584,24.095623584895755,1.2611943353984112,44.90134704026398,9.989583907970212,89.80269408052796,0.3809204406426864,134.70404112079194,0.10230151017101641,0.0381317624589717,0.0102408179473216,0.0
24 - m1_electrically_150_ohm_fault_m2_imbalanced_on_background_half_speed.csv,18.139659692628427,3.242706943008099,0.0,0.7521169501909583,0.2353034287835846,0.0125796210254563,75.2116950190959,23.530342878358482,1.2579621025456311,0.9000270008205364,10.369190543446008,1.8000540016410729,3.769119741758606,2.7000810024616095,4.379824945710305,0.3634921863925946,0.4223883173290353,0.0
24 - m1_electrically_150_ohm_fault_m2_imbalanced_on_background_half_speed.csv,31.83672283946917,3.108964694853884,0.0,0.8120891899178196,0.1780601096524849,0.0098507004296948,81.20891899178203,17.8060109652485,0.9850700429694806,0.8000240007293657,11.877294432549714,1.6000480014587315,7.45688078469732,2.4000720021880975,2.7925693632504185,0.6278265498127036,0.2351183073812993,0.0
24 - m1_electrically_150_ohm_fault_m2_imbalanced_on_background_half_speed.csv,17.733099820417646,3.259669920666697,0.0,0.8698967708135689,0.1233143775837472,0.0067888516026835,86.98967708135693,12.331437758374726,0.6788851602683503,0.7000210006172521,19.597315796878085,1.4000420012345043,7.198228304075234,2.1000630018517565,3.3429792257427113,0.3673068484828894,0.1705835258456803,0.0
24 - m1_electrically_150_ohm_fault_m2_imbalanced_on_background_half_speed.csv,19.861778055482567,3.4442931729817303,0.0,0.7870312188910211,0.2023947198914133,0.0105740612175646,78.70312188910219,20.23947198914135,1.057406121756461,44.90134703959232,10.266328887765612,89.80269407918465,0.2982962784561145,134.70404111877696,0.11367349017772545,0.0290557882683453,0.0110724574889852,0.0
24 - m1_electrically_150_ohm_fault_m2_imbalanced_on_background_half_speed.csv,19.562511387735235,3.3482552230293168,0.0,0.8120632696743437,0.1777625540269961,0.0101741762986595,81.20632696743444,17.776255402699622,1.017417629865951,0.5000150004408944,19.84924233713389,1.0000300008817888,11.11284358190167,1.5000450013226834,3.7393571437373265,0.5598623561117898,0.1883879031867,0.0
24 - m1_electrically_150_ohm_fault_m2_imbalanced_on_background_half_speed.csv,22.30642438766765,3.1350060460795097,0.0,0.7725081038070066,0.2161450911391309,0.0113468050538615,77.25081038070073,21.61450911391311,1.134680505386151,0.5000150004408944,9.797863357257173,1.0000300008817888,8.585676351101268,1.5000450013226834,6.952883564276793,0.8762804744303715,0.7096326322133149,0.0
24 - m1_electrically_150_ohm_fault_m2_imbalanced_on_background_half_speed.csv,18.285519581124436,3.6544846465213867,0.0,0.7778194839023383,0.2101120188658394,0.0120684972318215,77.7819483902339,21.011201886583958,1.206849723182151,0.5000150004408944,16.12839649931638,1.0000300008817888,3.5542509192111216,1.5000450013226834,8.433262148836606,0.2203722434131485,0.522882863723871,0.0
24 - m1_electrically_150_ohm_fault_m2_imbalanced_on_background_half_speed.csv,28.4611456624182,3.295288046625101,0.0,0.8078122199466158,0.1821299945854416,0.010057785467942,80.78122199466164,18.21299945854417,1.0057785467942006,0.7000210006172521,13.981626264658235,1.4000420012345043,5.497909817019685,2.1000630018517565,5.216638745983322,0.3932239149402035,0.3731067221536004,0.0
24 - m1_electrically_150_ohm_fault_m2_imbalanced_on_background_half_speed.csv,24.67819292680651,3.369395946180896,0.0,0.8258030903082608,0.1653332172496005,0.0088636924421377,82.58030903082617,16.533321724960068,0.886369244213771,0.5000150004408944,21.853549009084016,1.0000300008817888,8.391751543889775,1.5000450013226834,5.973599279339808,0.3839994840381083,0.2733468727142086,0.0
24 - m1_electrically_150_ohm_fault_m2_imbalanced_on_background_half_speed.csv,26.960644284497626,3.234051107237854,0.0,0.7786444728037085,0.2102854867144744,0.0110700404818163,77.86444728037092,21.028548671447457,1.107004048181631,44.90134703959232,9.972037720830835,89.80269407918465,0.18692587434496966,134.70404111877696,0.13082338826107645,0.0187450027344457,0.0131190226033538,0.0
24 - m1_electrically_150_ohm_fault_m2_imbalanced_on_background_half_speed.csv,21.24541160775424,3.266691228352755,0.0,0.8093831045001596,0.1812194911483683,0.0093974043514713,80.93831045001602,18.121949114836845,0.9397404351471308,0.6000180005290733,15.129101683406802,1.2000360010581466,8.338492605850435,1.80005400158722,7.354740079108178,0.5511558306859602,0.4861319748531179,0.0
24 - m1_electrically_150_ohm_fault_m2_imbalanced_on_background_half_speed.csv,20.80365869206592,3.125841434838278,0.0,0.8285798898438791,0.1623478955946851,0.0090722145614353,82.85798898438796,16.23478955946852,0.9072214561435306,0.6000180005290733,19.48141796342016,1.2000360010581466,5.342720118607978,1.80005400158722,3.1560456910545827,0.2742469839022954,0.1620028735577986,0.0
24 - m1_electrically_150_ohm_fault_m2_imbalanced_on_background_half_speed.csv,34.97543523659939,3.0528123842429973,0.0,0.7742099527187194,0.2146715077126907,0.011118539568589,77.42099527187202,21.467150771269086,1.111853956858901,44.90134703959232,10.049188829698146,89.80269407918465,0.3022165205873363,134.70404111877696,0.19475939719022112,0.030073722935149,0.019380608772586,0.0
24 - m1_electrically_150_ohm_fault_m2_imbalanced_on_background_half_speed.csv,23.12241306110715,3.1405918128664756,0.0,0.8138826075551021,0.1768947526088317,0.0092226398360652,81.3882607555103,17.68947526088319,0.9222639836065208,1.600048001410862,11.38429273519198,3.200096002821724,3.669279097818678,4.800144004232586,2.094550542967737,0.3223106769273358,0.1839860052520351,0.0
24 - m1_electrically_150_ohm_fault_m2_imbalanced_on_background_half_speed.csv,31.52140551248804,3.1470131028708117,0.0,0.8466944068042324,0.1451808740221743,0.0081247191735929,84.66944068042328,14.518087402217438,0.8124719173592903,0.5000150004408944,13.338111188782406,1.0000300008817888,10.493676022392616,1.5000450013226834,8.244642867822673,0.7867437805750179,0.6181267160793027,0.0
24 - m1_electrically_150_ohm_fault_m2_imbalanced_on_background_half_speed.csv,36.50878745917644,3.13576799086419,0.0,0.7082709067790133,0.2763650057393128,0.0153640874816727,70.82709067790141,27.636500573931315,1.536408748167272,44.90134703959232,9.865433699120716,89.80269407918465,0.28806713705746373,134.70404111877696,0.14272595196716306,0.0291996424934809,0.0144672759779313,0.0
24 - m1_electrically_150_ohm_fault_m2_imbalanced_on_background_half_speed.csv,42.23352967866576,3.3618109532837233,0.0,0.8020921181220146,0.1879442471750488,0.0099636347029357,80.20921181220153,18.794424717504896,0.9963634702935709,0.5000150004558536,10.12535699037244,1.0000300009117071,9.189697821608252,1.5000450013675608,6.606821716313832,0.9075924760328108,0.6525025954735068,0.0
25 - m1_mechanically_imbalanced_electrically_50_ohm_fault_m2_imbalanced_on_background_half_speed.csv,122.0754192367656,3.4423807098184174,0.0,0.8284109607591912,0.1654916273479418,0.0060974118928664,82.84109607591918,16.54916273479419,0.6097411892866405,1.0001240154414106,15.060853191373155,2.000248030882821,9.733079940922053,3.000372046324232,5.155048681239413,0.6462502367725856,0.3422813180459272,0.0
25 - m1_mechanically_imbalanced_electrically_50_ohm_fault_m2_imbalanced_on_background_half_speed.csv,61.45930720041335,3.351521671846214,0.0,0.8467418032328055,0.1476362872894068,0.0056219094777876,84.67418032328057,14.763628728940683,0.5621909477787601,0.5000620076620966,28.087348263993377,1.0001240153241933,12.418812532324258,1.50018602298629,6.59054671670491,0.4421496972800589,0.2346446754161436,0.0
25 - m1_mechanically_imbalanced_electrically_50_ohm_fault_m2_imbalanced_on_background_half_speed.csv,38.63796760187155,4.048735089268641,0.0,0.8927801358340907,0.1034982423926514,0.0037216217732574,89.2780135834091,10.349824239265146,0.3721621773257402,0.5000620076620966,32.22906677867098,1.0001240153241933,11.913453893386697,1.50018602298629,9.095522275859885,0.3696493595424536,0.2822148819363039,0.0
25 - m1_mechanically_imbalanced_electrically_50_ohm_fault_m2_imbalanced_on_background_half_speed.csv,65.92761753213392,3.989250201354948,0.0,0.8511647596088846,0.1430921068560597,0.0057431335350549,85.11647596088854,14.309210685605981,0.5743133535054905,0.7000868107269352,14.282724732519602,1.4001736214538705,13.417491202482475,2.100260432180806,5.270240688098098,0.9394209756022868,0.3689940670843118,0.0
25 - m1_mechanically_imbalanced_electrically_50_ohm_fault_m2_imbalanced_on_background_half_speed.csv,41.83277379056083,3.326306741394169,0.0,0.8581009221661746,0.1365947688767825,0.0053043089570426,85.81009221661748,13.659476887678254,0.5304308957042602,1.0001240153241933,16.418828835685712,2.0002480306483865,2.908110214194006,3.00037204597258,6.5983186445380175,0.1771204416159901,0.4018751100076528,0.0
25 - m1_mechanically_imbalanced_electrically_50_ohm_fault_m2_imbalanced_on_background_half_speed.csv,84.0824579470297,3.347949343359076,0.0,0.8788566074970189,0.1165846643713297,0.0045587281316507,87.88566074970196,11.658466437132978,0.4558728131650703,0.7000868107269352,22.06398866208097,1.4001736214538705,12.473525166361888,2.100260432180806,6.873970819204849,0.5653340997132947,0.3115470608910533,0.0
25 - m1_mechanically_imbalanced_electrically_50_ohm_fault_m2_imbalanced_on_background_half_speed.csv,57.77616567098125,3.03667290091921,0.0,0.8017189309943411,0.1907067344817108,0.0075743345239475,80.17189309943416,19.07067344817109,0.7574334523947505,0.6000744091945159,18.368444638895163,1.2001488183890319,8.845023890833218,1.800223227583548,8.958935029716928,0.4815336336155479,0.4877350916661932,0.0
25 - m1_mechanically_imbalanced_electrically_50_ohm_fault_m2_imbalanced_on_background_half_speed.csv,52.50368138109936,3.4606027027643798,0.0,0.9053614270680712,0.0913615298977229,0.0032770430342056,90.53614270680714,9.136152989772292,0.32770430342056006,0.6000744091945159,31.42356186145552,1.2001488183890319,11.969087125559831,1.800223227583548,7.888679178895079,0.3808953032864566,0.2510434435687387,0.0
25 - m1_mechanically_imbalanced_electrically_50_ohm_fault_m2_imbalanced_on_background_half_speed.csv,58.15217777526517,3.119816804057843,0.0,0.9094390533054996,0.0872423637504941,0.0033185829440061,90.94390533054997,8.724236375049411,0.33185829440061004,0.5000620077207053,28.25564872584596,1.0001240154414106,16.109037291967073,1.500186023162116,7.849930379807031,0.5701174107969371,0.2778180906753189,0.0
25 - m1_mechanically_imbalanced_electrically_50_ohm_fault_m2_imbalanced_on_background_half_speed.csv,35.29435672171412,3.1305903527828147,0.0,0.8669917707386899,0.1280395307976881,0.0049686984636213,86.69917707386905,12.803953079768819,0.49686984636213033,0.5000620077207053,30.32502831197074,1.0001240154414106,10.81626421124723,1.500186023162116,12.276210040528102,0.3566777943279787,0.4048210578481833,0.0
25 - m1_mechanically_imbalanced_electrically_50_ohm_fault_m2_imbalanced_on_background_half_speed.csv,101.74759058247042,3.1494036502154303,0.0,0.9529343046209168,0.0453476292688656,0.0017180661102176,95.29343046209168,4.534762926886559,0.17180661102176,0.5000620076620966,45.540422041617205,1.0001240153241933,14.264816179376666,1.50018602298629,9.618788749571657,0.3132341673588518,0.211214308483604,0.0
25 - m1_mechanically_imbalanced_electrically_50_ohm_fault_m2_imbalanced_on_background_half_speed.csv,85.65990137911798,3.661615648982494,0.0,0.8730560304510168,0.122059835468324,0.0048841340806587,87.30560304510172,12.205983546832407,0.4884134080658703,0.5000620076620966,17.662344517391908,1.0001240153241933,12.619162050808708,1.50018602298629,12.161451769605163,0.7144669858739741,0.688552516775444,0.0
25 - m1_mechanically_imbalanced_electrically_50_ohm_fault_m2_imbalanced_on_background_half_speed.csv,40.160341803423975,3.7641856978848773,0.0,0.892781570132841,0.1031905398108819,0.0040278900562766,89.27815701328414,10.319053981088196,0.4027890056276602,0.7000868108089874,23.78728040423508,1.4001736216179748,18.307193606032936,2.1002604324269623,3.3604616471603403,0.7696211292306256,0.1412713681452229,0.0
25 - m1_mechanically_imbalanced_electrically_50_ohm_fault_m2_imbalanced_on_background_half_speed.csv,92.76705120922664,3.5164891038033352,0.0,0.8654181978081437,0.1293397424506365,0.0052420597412194,86.54181978081441,12.933974245063656,0.5242059741219403,0.6000744091945159,27.555429568065048,1.2001488183890319,9.936092145284976,1.800223227583548,6.176575232299784,0.3605856377866183,0.2241509324702393,0.0
25 - m1_mechanically_imbalanced_electrically_50_ohm_fault_m2_imbalanced_on_background_half_speed.csv,114.99409032798968,3.419605513508269,0.0,0.8948910836960118,0.1009646158357323,0.0041443004682553,89.48910836960124,10.096461583573237,0.4144300468255303,0.5000620076620966,25.14160671759501,1.0001240153241933,19.935603532679515,1.50018602298629,6.188948889260845,0.7929327571068819,0.246163618689079,0.0
25 - m1_mechanically_imbalanced_electrically_50_ohm_fault_m2_imbalanced_on_background_half_speed.csv,46.5606094661146,3.6699417840591657,0.0,0.8733055075933546,0.1218899296342752,0.0048045627723697,87.3305507593355,12.188992963427527,0.4804562772369703,1.3001612199214512,17.045833224211716,2.6003224398429023,2.4192471979388097,3.9004836597643537,1.6900115745836164,0.1419260159428603,0.0991451431182104,0.0
25 - m1_mechanically_imbalanced_electrically_50_ohm_fault_m2_imbalanced_on_background_half_speed.csv,95.97519045438348,3.2532668542645435,0.0,0.925124957780566,0.0720300211297257,0.0028450210897078,92.51249577805665,7.203002112972574,0.2845021089707801,0.7000868107269352,33.51843456021378,1.4001736214538705,6.89369920665234,2.100260432180806,5.322616976150436,0.205668889287423,0.1587967053350504,0.0
25 - m1_mechanically_imbalanced_electrically_50_ohm_fault_m2_imbalanced_on_background_half_speed.csv,102.59707155595724,3.3162337947231464,0.0,0.8706566550541902,0.124495585983025,0.0048477589627845,87.06566550541903,12.449558598302504,0.48477589627845014,0.6000744091945159,20.649780760582047,1.2001488183890319,12.128563775215143,1.800223227583548,8.20274046348608,0.5873458859363347,0.3972313584628524,0.0
25 - m1_mechanically_imbalanced_electrically_50_ohm_fault_m2_imbalanced_on_background_half_speed.csv,78.81956432291588,3.0795793574066295,0.0,0.8731516359850651,0.1219921489677878,0.0048562150471464,87.31516359850657,12.19921489677879,0.4856215047146404,0.5000620076620966,29.613489630516035,1.0001240153241933,7.237432360390341,1.50018602298629,8.667294218192357,0.2443964710235409,0.2926806103006822,0.0
26 - m1_mechanically_umbalanced_electrically_50_ohm_fault_load_0.5Nm_m2_umbalanced_on_background_half_speed.csv,34.92773637139383,3.805631909320963,0.0,0.8661170775738972,0.1286437355556428,0.0052391868704594,86.61170775738977,12.864373555564287,0.5239186870459404,0.5010590383621071,34.12640080431277,1.0021180767242142,14.704405305375237,1.5031771150863213,6.941104760849964,0.4308806366570291,0.203393988151624,0.0
26 - m1_mechanically_umbalanced_electrically_50_ohm_fault_load_0.5Nm_m2_umbalanced_on_background_half_speed.csv,54.292630829402725,3.2579081287288187,0.0,0.8053077828456143,0.1873083726492358,0.0073838445051492,80.53077828456149,18.730837264923593,0.7383844505149204,1.4029653074139,13.341923754106316,2.8059306148278,5.57927817796979,4.2088959222417,1.4149733641535023,0.4181764399794764,0.1060546732414063,0.0
26 - m1_mechanically_umbalanced_electrically_50_ohm_fault_load_0.5Nm_m2_umbalanced_on_background_half_speed.csv,50.80371626284271,3.353580107912849,0.0,0.8791063144718099,0.1163154636668112,0.0045782218613784,87.91063144718103,11.631546366681127,0.4578221861378403,0.6012708460345285,28.979912095813965,1.202541692069057,4.5842249472340075,1.8038125381035854,9.316329456392644,0.1581862958064728,0.32147542151235,0.0
26 - m1_mechanically_umbalanced_electrically_50_ohm_fault_load_0.5Nm_m2_umbalanced_on_background_half_speed.csv,39.57619282991648,3.2488867974835767,0.0,0.8647845660528352,0.1299513026437107,0.005264131303454,86.47845660528353,12.99513026437107,0.5264131303454,0.6012708460345285,22.964007850301428,1.202541692069057,9.12736535824413,1.8038125381035854,12.053125121477086,0.397463953929293,0.5248702752607217,0.0
26 - m1_mechanically_umbalanced_electrically_50_ohm_fault_load_0.5Nm_m2_umbalanced_on_background_half_speed.csv,27.40088673406852,3.4347558898337986,0.0,0.8581087110456335,0.1362823859726853,0.0056089029816806,85.8108711045634,13.628238597268538,0.5608902981680604,0.5010590383621071,26.538647199258744,1.0021180767242142,18.32198078653658,1.5031771150863213,6.932571149578106,0.6903886490132902,0.2612254911686584,0.0
26 - m1_mechanically_umbalanced_electrically_50_ohm_fault_load_0.5Nm_m2_umbalanced_on_background_half_speed.csv,32.85004634964414,3.1888049260103077,0.0,0.8282159622549174,0.1650094635135764,0.0067745742315056,82.82159622549179,16.50094635135765,0.6774574231505603,1.0021180767242142,19.53039297220425,2.0042361534484283,6.25777402062171,3.0063542301726427,4.132345632679068,0.3204120894816507,0.2115853807222539,0.0
26 - m1_mechanically_umbalanced_electrically_50_ohm_fault_load_0.5Nm_m2_umbalanced_on_background_half_speed.csv,30.73569026179376,3.214334651482769,0.0,0.9275660982149532,0.0697600090634793,0.0026738927215671,92.75660982149535,6.976000906347933,0.2673892721567101,0.5010590383621071,38.41031869275871,1.0021180767242142,15.900774767466963,1.5031771150863213,7.807279208384258,0.4139714355055495,0.2032599435280427,0.0
26 - m1_mechanically_umbalanced_electrically_50_ohm_fault_load_0.5Nm_m2_umbalanced_on_background_half_speed.csv,26.709788275376177,3.762099980862799,0.0,0.8759081490901448,0.1192416182442668,0.0048502326655879,87.59081490901453,11.924161824426685,0.48502326655879024,0.5010590383621071,27.352101879029185,1.0021180767242142,16.435969900378144,1.5031771150863213,10.212598553384,0.6009033592032493,0.3733752747248278,0.0
26 - m1_mechanically_umbalanced_electrically_50_ohm_fault_load_0.5Nm_m2_umbalanced_on_background_half_speed.csv,55.84922174601649,3.3608585626070893,0.0,0.7946554338054764,0.197259585511126,0.008084980683397,79.46554338054769,19.72595855111261,0.8084980683397005,0.6012708460704301,17.74362150547865,1.2025416921408603,7.737039929946483,1.8038125382112904,8.615002733723303,0.436046267530985,0.4855267415991303,0.0
26 - m1_mechanically_umbalanced_electrically_50_ohm_fault_load_0.5Nm_m2_umbalanced_on_background_half_speed.csv,31.498463289384052,3.1776938772160057,0.0,0.8461337025030428,0.1480900052984733,0.0057762921984834,84.61337025030431,14.809000529847339,0.5776292198483404,0.5010590383621071,20.92091730308237,1.0021180767242142,17.320576556800372,1.5031771150863213,7.668198967922173,0.8279071278699839,0.36653263606144,0.0
26 - m1_mechanically_umbalanced_electrically_50_ohm_fault_load_0.5Nm_m2_umbalanced_on_background_half_speed.csv,34.255483134880734,3.341936080721826,0.0,0.9037703101814888,0.092535239326992,0.0036944504915188,90.37703101814891,9.253523932699203,0.3694450491518801,0.501059038392025,30.62966623965245,1.00211807678405,26.756601248819276,1.503177115176075,4.71458768908531,0.8735518382561024,0.1539222677843585,0.0
26 - m1_mechanically_umbalanced_electrically_50_ohm_fault_load_0.5Nm_m2_umbalanced_on_background_half_speed.csv,38.57002076024413,3.2045127966481544,0.0,0.9083346823047528,0.0883034057626168,0.0033619119326302,90.83346823047529,8.830340576261682,0.33619119326302005,0.70148265370695,40.54312936797217,1.4029653074139,10.689545937299094,2.10444796112085,6.500907307860204,0.263658629808273,0.1603454742937461,0.0
26 - m1_mechanically_umbalanced_electrically_50_ohm_fault_load_0.5Nm_m2_umbalanced_on_background_half_speed.csv,37.33430461434301,3.113535356262564,0.0,0.8974366549272959,0.0985996368150721,0.0039637082576317,89.74366549272962,9.859963681507214,0.39637082576317006,0.5010590383621071,25.012715347115986,1.0021180767242142,18.367535398857054,1.5031771150863213,15.528689448808162,0.7343279265749477,0.6208318142715621,0.0
26 - m1_mechanically_umbalanced_electrically_50_ohm_fault_load_0.5Nm_m2_umbalanced_on_background_half_speed.csv,63.26086008816713,3.5330175683394676,0.0,0.8576055714287096,0.1369676487793504,0.0054267797919398,85.76055714287098,13.69676487793504,0.5426779791939801,0.70148265370695,30.1053038222495,1.4029653074139,9.465428842004718,2.10444796112085,8.492741168846612,0.3144106732119819,0.2821011612767715,0.0
26 - m1_mechanically_umbalanced_electrically_50_ohm_fault_load_0.5Nm_m2_umbalanced_on_background_half_speed.csv,25.535015501122423,3.4760558946845963,0.0,0.7709724146811066,0.22023466822613,0.0087929170927628,77.09724146811071,22.023466822613013,0.8792917092762805,1.00211807678405,12.999376605405605,2.0042361535681,6.445383129160719,3.00635423035215,3.6243346332007693,0.4958224786318214,0.2788083416010612,0.0
26 - m1_mechanically_umbalanced_electrically_50_ohm_fault_load_0.5Nm_m2_umbalanced_on_background_half_speed.csv,50.327082835115846,3.389739152825212,0.0,0.8970156928616104,0.0990564239873404,0.003927883151049,89.70156928616106,9.905642398734042,0.3927883151049001,0.6012708460345285,31.58894678794105,1.202541692069057,13.163115209020852,1.8038125381035854,3.272457470565588,0.4167000342678666,0.1035950167168864,0.0
26 - m1_mechanically_umbalanced_electrically_50_ohm_fault_load_0.5Nm_m2_umbalanced_on_background_half_speed.csv,37.67487105956892,3.123503961009985,0.0,0.8774939388823599,0.1176822684538887,0.0048237926637509,87.74939388823604,11.768226845388876,0.4823792663750902,0.6012708460704301,30.058338345961637,1.2025416921408603,8.30801636237501,1.8038125382112904,8.819352299793135,0.2763963951284486,0.2934078457127362,0.0
26 - m1_mechanically_umbalanced_electrically_50_ohm_fault_load_0.5Nm_m2_umbalanced_on_background_half_speed.csv,43.05100889246076,3.1879573068040066,0.0,0.864506252630018,0.130253228182291,0.0052405191876908,86.45062526300181,13.025322818229101,0.5240519187690802,0.5010590383621071,21.84690181213884,1.0021180767242142,15.325506714263334,1.5031771150863213,9.453280995380178,0.7014956558164229,0.4327057940145834,0.0
26 - m1_mechanically_umbalanced_electrically_50_ohm_fault_load_0.5Nm_m2_umbalanced_on_background_half_speed.csv,77.98667264028505,3.471343618154976,0.0,0.8577022900785601,0.1366244131284794,0.0056732967929599,85.77022900785606,13.662441312847946,0.5673296792959904,0.5010590383621071,25.908784734391443,1.0021180767242142,7.3610025333072,1.5031771150863213,10.596577785494652,0.284112227137237,0.4089955547559398,0.0
26 - m1_mechanically_umbalanced_electrically_50_ohm_fault_load_0.5Nm_m2_umbalanced_on_background_half_speed.csv,26.627500490329894,3.52168077113547,0.0,0.7848201405408154,0.2065029634715374,0.0086768959876466,78.48201405408159,20.650296347153752,0.8676895987646605,0.5010590383621071,14.657419430931077,1.0021180767242142,10.675552307394451,1.5031771150863213,9.302903821552349,0.7283377785359801,0.6346890641555043,0.0
26 - m1_mechanically_umbalanced_electrically_50_ohm_fault_load_0.5Nm_m2_umbalanced_on_background_half_speed.csv,49.08069913217616,3.3013350149447316,0.0,0.7755515061370016,0.2157407269954925,0.0087077668675051,77.55515061370022,21.574072699549266,0.8707766867505106,0.5010590383621071,18.13287206498867,1.0021180767242142,7.202102894771796,1.5031771150863213,10.73173408053451,0.397184895418623,0.5918386255675165,0.0
26 - m1_mechanically_umbalanced_electrically_50_ohm_fault_load_0.5Nm_m2_umbalanced_on_background_half_speed.csv,86.4580315064601,3.192229798060187,0.0,0.8747961141684457,0.1203419782630254,0.0048619075685285,87.47961141684462,12.034197826302545,0.4861907568528502,1.0021180767242142,23.146309841496382,2.0042361534484283,6.9571143534280155,3.0063542301726427,6.908217853135225,0.300571209884843,0.2984587133086013,0.0
26 - m1_mechanically_umbalanced_electrically_50_ohm_fault_load_0.5Nm_m2_umbalanced_on_background_half_speed.csv,43.339924015673006,3.530421066400092,0.0,0.8870983488560495,0.1084629047197722,0.0044387464241778,88.70983488560499,10.846290471977225,0.44387464241778024,1.0021180767242142,21.756030842195123,2.0042361534484283,6.081725133768657,3.0063542301726427,2.299490268942403,0.2795420349365081,0.1056943835767421,0.0
26 - m1_mechanically_umbalanced_electrically_50_ohm_fault_load_0.5Nm_m2_umbalanced_on_background_half_speed.csv,41.135834411599525,3.555763327170454,0.0,0.9301354881762208,0.0671835239291471,0.0026809878946313,93.01354881762215,6.718352392914715,0.26809878946313026,0.5010590383621071,48.7387390286984,1.0021180767242142,14.587213348823111,1.5031771150863213,6.039783233039367,0.2992940244152368,0.1239216145802011,0.0
26 - m1_mechanically_umbalanced_electrically_50_ohm_fault_load_0.5Nm_m2_umbalanced_on_background_half_speed.csv,84.63577435638264,3.347274982364557,0.0,0.8367828850109291,0.1580674759542643,0.0051496390348061,83.67828850109295,15.806747595426437,0.5149639034806102,0.8869987274522156,24.391782086573897,1.7739974549044313,6.608489391865704,2.660996182356647,5.653305806056679,0.2709309786554403,0.2317709212878078,0.0
26 - m1_mechanically_umbalanced_electrically_50_ohm_fault_load_0.5Nm_m2_umbalanced_on_background_half_speed.csv,47.68070964558945,3.4201402838973496,0.0,0.8552389211257716,0.1401003437201035,0.0046607351541246,85.52389211257719,14.010034372010354,0.46607351541246017,0.983522071223614,20.6887693034708,1.967044142447228,7.9946286929695125,2.950566213670842,6.0770674145945005,0.3864235989923438,0.2937375019970374,0.0
26 - m1_mechanically_umbalanced_electrically_50_ohm_fault_load_0.5Nm_m2_umbalanced_on_background_half_speed.csv,43.85114623171746,3.505377411128387,0.0,0.8854056882916552,0.11086806623166,0.0037262454766842,88.54056882916557,11.086806623166005,0.37262454766842024,1.0841095557112683,26.638378655527465,2.1682191114225366,6.103640635350153,3.252328667133805,3.3058472756702604,0.2291295845846702,0.1241009191445027,0.0
27 - m1_mechanically_imbalanced_electrically_100_ohm_fault_m2_imbalanced_on_background_half_speed.csv,80.67229254457975,3.15638524628322,0.0,0.9609869818887696,0.0377746397689177,0.0012383783423125,96.09869818887698,3.77746397689177,0.12383783423125001,0.5000620076620966,75.37578022254709,1.0001240153241933,15.322882189447803,1.50018602298629,3.1883023929625858,0.2032865483343187,0.0422987647165856,0.0
27 - m1_mechanically_imbalanced_electrically_100_ohm_fault_m2_imbalanced_on_background_half_speed.csv,73.74510931106958,3.256184133800637,0.0,0.939808737550506,0.0582284470673635,0.0019628153821302,93.98087375505062,5.822844706736352,0.19628153821302005,0.7000868107269352,51.64146403794085,1.4001736214538705,5.020033976585456,2.100260432180806,6.761139646604312,0.0972093659640875,0.1309246314480341,0.0
27 - m1_mechanically_imbalanced_electrically_100_ohm_fault_m2_imbalanced_on_background_half_speed.csv,67.6934855126987,3.2035989733390893,0.0,0.9308563461464252,0.0669350685565277,0.002208585297047,93.08563461464252,6.69350685565277,0.22085852970470002,0.8000992122593545,41.87070269104798,1.600198424518709,7.438793225918761,2.4002976367780637,8.165076208614224,0.1776610552922291,0.1950069065919911,0.0
27 - m1_mechanically_imbalanced_electrically_100_ohm_fault_m2_imbalanced_on_background_half_speed.csv,53.01099991187802,3.3182978561633507,0.0,0.936241201591752,0.0618437502601771,0.0019150481480709,93.6241201591752,6.184375026017711,0.19150481480709003,0.8000992122593545,42.86810428633519,1.600198424518709,7.545269991969842,2.4002976367780637,6.644835445171353,0.176011281991189,0.155006514885462,0.0
27 - m1_mechanically_imbalanced_electrically_100_ohm_fault_m2_imbalanced_on_background_half_speed.csv,38.13184412842087,3.0802205080389036,0.0,0.9385687386698908,0.0594687760417082,0.0019624852884012,93.85687386698906,5.946877604170819,0.19624852884011995,0.6000744091945159,40.76770857673596,1.2001488183890319,12.970005559222445,1.800223227583548,3.6998481410614326,0.3181440903113147,0.0907543806171325,0.0
27 - m1_mechanically_imbalanced_electrically_100_ohm_fault_m2_imbalanced_on_background_half_speed.csv,53.52187852983695,3.07359448244523,0.0,0.959094206738307,0.0396613139791784,0.0012444792825143,95.90942067383074,3.9661313979178416,0.12444792825143006,0.6000744091945159,53.66656545459915,1.2001488183890319,12.153122994686953,1.800223227583548,5.563202350632846,0.2264561350580233,0.1036623511027402,0.0
27 - m1_mechanically_imbalanced_electrically_100_ohm_fault_m2_imbalanced_on_background_half_speed.csv,29.396319252338305,3.440739788145768,0.0,0.9222439166008268,0.0753137284125391,0.0024423549866342,92.22439166008267,7.531372841253908,0.24423549866341995,0.8000992122593545,43.85536100747572,1.600198424518709,7.15148882178615,2.4002976367780637,4.178692531475045,0.1630698883214548,0.0952835054934956,0.0
27 - m1_mechanically_imbalanced_electrically_100_ohm_fault_m2_imbalanced_on_background_half_speed.csv,56.61810577389335,3.844044455622274,0.0,0.9409144592192638,0.0572102568216155,0.0018752839591206,94.0914459219264,5.72102568216155,0.18752839591206003,0.8000992122593545,38.610418257025685,1.600198424518709,7.2676629849025405,2.4002976367780637,6.099398380322102,0.1882306204642083,0.1579728647257592,0.0
27 - m1_mechanically_imbalanced_electrically_100_ohm_fault_m2_imbalanced_on_background_half_speed.csv,47.35580079474775,3.366810201899362,0.0,0.9118281780164494,0.0853037538757527,0.0028680681077975,91.18281780164497,8.530375387575274,0.2868068107797501,0.6000744091945159,42.0267414959292,1.2001488183890319,16.057147898371,1.800223227583548,4.7151466676212515,0.3820697804974085,0.1121939626958224,0.0
27 - m1_mechanically_imbalanced_electrically_100_ohm_fault_m2_imbalanced_on_background_half_speed.csv,45.57125376246632,3.1940747151636497,0.0,0.9386065653436156,0.0594621926392148,0.0019312420171692,93.8606565343616,5.946219263921482,0.19312420171692005,0.7000868107269352,47.45814366290952,1.4001736214538705,9.556068066921426,2.100260432180806,3.921740468918794,0.2013578140518354,0.0826357747318253,0.0
27 - m1_mechanically_imbalanced_electrically_100_ohm_fault_m2_imbalanced_on_background_half_speed.csv,82.06891725843552,3.0366683392781177,0.0,0.9321785216767744,0.0657496812238784,0.0020717970993468,93.21785216767748,6.574968122387843,0.2071797099346801,0.9001116138972695,35.561738161873336,1.800223227794539,7.82423575886901,2.7003348416918085,5.380654995311641,0.2200183726468572,0.1513046120192286,0.0
27 - m1_mechanically_imbalanced_electrically_100_ohm_fault_m2_imbalanced_on_background_half_speed.csv,93.48317204185967,3.366156744763138,0.0,0.939092117251748,0.0588986143294096,0.0020092684188418,93.90921172517486,5.889861432940964,0.20092684188418014,0.5000620077207053,48.42467749085494,1.0001240154414106,24.737844901856175,1.500186023162116,5.386645539159155,0.5108520321385299,0.1112376130987435,0.0
27 - m1_mechanically_imbalanced_electrically_100_ohm_fault_m2_imbalanced_on_background_half_speed.csv,41.57030998165041,3.415750278078879,0.0,0.952819900806958,0.0457110389623947,0.0014690602306471,95.28199008069582,4.571103896239471,0.14690602306471004,0.7000868107269352,52.71743795520429,1.4001736214538705,17.854701772200993,2.100260432180806,3.858822879439025,0.3386868266885942,0.0731982248970064,0.0
27 - m1_mechanically_imbalanced_electrically_100_ohm_fault_m2_imbalanced_on_background_half_speed.csv,62.94661089307206,3.260028307694303,0.0,0.958126796922039,0.0405442907606512,0.0013289123173098,95.8126796922039,4.05442907606512,0.13289123173098,0.7000868107269352,50.639394242377136,1.4001736214538705,14.339967134409184,2.100260432180806,6.262545962977775,0.2831780938329019,0.1236694485918044,0.0
27 - m1_mechanically_imbalanced_electrically_100_ohm_fault_m2_imbalanced_on_background_half_speed.csv,34.052702872520925,3.1851406616113445,0.0,0.9176621530340376,0.0797838405986811,0.0025540063672814,91.76621530340377,7.97838405986811,0.25540063672814,1.0001240154414106,32.780392134499124,2.000248030882821,3.312525185590291,3.000372046324232,2.9318389762267456,0.1010520304942931,0.0894388012259678,0.0
27 - m1_mechanically_imbalanced_electrically_100_ohm_fault_m2_imbalanced_on_background_half_speed.csv,74.38667395076087,3.3877397415983674,0.0,0.9332349096785236,0.0646606501873511,0.002104440134125,93.32349096785238,6.4660650187351125,0.21044401341250007,0.8000992122593545,53.226931514858514,1.600198424518709,4.931264292195063,2.4002976367780637,5.7379590198695505,0.0926460374823313,0.1078017998889862,0.0
27 - m1_mechanically_imbalanced_electrically_100_ohm_fault_m2_imbalanced_on_background_half_speed.csv,68.7462477385608,3.3915677629275143,0.0,0.9436445548407072,0.0546018136153894,0.0017536315439031,94.36445548407075,5.460181361538941,0.17536315439031006,0.9001116137917738,36.56646531454079,1.8002232275835477,5.305640968397004,2.7003348413753216,4.323396550885326,0.1450958117706607,0.1182339204431146,0.0
27 - m1_mechanically_imbalanced_electrically_100_ohm_fault_m2_imbalanced_on_background_half_speed.csv,92.42917234695264,3.3315564066496184,0.0,0.9255904164676552,0.0720658123127632,0.002343771219581,92.55904164676558,7.206581231276324,0.23437712195810015,0.7000868107269352,34.06443641903476,1.4001736214538705,8.60282268487076,2.100260432180806,5.7602774477081535,0.2525455750697116,0.1690994495505402,0.0
27 - m1_mechanically_imbalanced_electrically_100_ohm_fault_m2_imbalanced_on_background_half_speed.csv,46.02088047943993,3.1437482272425084,0.0,0.9119306981857108,0.0854077031095723,0.0026615987047169,91.19306981857108,8.54077031095723,0.26615987047169,1.0001240154414106,36.848198011373,2.000248030882821,3.3305588311620635,3.000372046324232,4.568993764259906,0.0903859350227684,0.123995039400562,0.0
27 - m1_mechanically_imbalanced_electrically_100_ohm_fault_m2_imbalanced_on_background_half_speed.csv,61.17160193051349,3.5716299202847526,0.0,0.9229591335559972,0.074693459516327,0.0023474069276753,92.29591335559977,7.469345951632704,0.23474069276753012,0.8000992123531284,35.97036166676996,1.6001984247062568,8.166896374509227,2.4002976370593854,7.627450647723416,0.2270451559583274,0.2120482056417516,0.0
27 - m1_mechanically_imbalanced_electrically_100_ohm_fault_m2_imbalanced_on_background_half_speed.csv,102.74899492640976,3.456469773730881,0.0,0.8762000389380529,0.1198035000968049,0.0039964609651419,87.6200038938053,11.980350009680492,0.3996460965141901,0.9001116138972695,28.105899154929133,1.800223227794539,3.2545322710249915,2.7003348416918085,4.899304111196027,0.1157953443540418,0.1743158645873388,0.0
28 - m1_mechanically_imbalanced_electrically_100_ohm_fault_load_0.5Nm_m2_imbalanced_on_background_half_speed.csv,59.266943441397245,3.4524542352751393,0.0,0.9375212768761982,0.060881016983119,0.0015977061406825,93.75212768761983,6.088101698311902,0.15977061406825005,0.5000620076620966,65.42011975667941,1.0001240153241933,11.41216788084759,1.50018602298629,7.171541366632392,0.1744443135123183,0.1096228712711914,0.0
28 - m1_mechanically_imbalanced_electrically_100_ohm_fault_load_0.5Nm_m2_imbalanced_on_background_half_speed.csv,63.07983901155356,3.283312920790393,0.0,0.8450322125068199,0.1512770295073932,0.0036907579857864,84.50322125068203,15.127702950739327,0.36907579857864015,0.5000620076620966,33.876009481438864,1.0001240153241933,12.665773326824658,1.50018602298629,5.315855782384246,0.3738862257009466,0.1569209556779962,0.0
28 - m1_mechanically_imbalanced_electrically_100_ohm_fault_load_0.5Nm_m2_imbalanced_on_background_half_speed.csv,100.37879555961052,3.4393657781066316,0.0,0.9229341381206356,0.0751862219985617,0.0018796398808025,92.29341381206358,7.518622199856171,0.18796398808025003,0.5000620076620966,54.32197108400788,1.0001240153241933,11.636333173149287,1.50018602298629,3.2161108130227603,0.2142104371572586,0.0592046044877331,0.0
28 - m1_mechanically_imbalanced_electrically_100_ohm_fault_load_0.5Nm_m2_imbalanced_on_background_half_speed.csv,69.0458670017979,3.6393258569734157,0.0,0.8846433738383624,0.112572286359139,0.0027843398024984,88.46433738383625,11.257228635913902,0.27843398024984006,0.6000744091945159,34.81288950631981,1.2001488183890319,11.436555907330453,1.800223227583548,7.012939972844932,0.3285149859581262,0.2014466501429543,0.0
28 - m1_mechanically_imbalanced_electrically_100_ohm_fault_load_0.5Nm_m2_imbalanced_on_background_half_speed.csv,59.632775563364405,3.591318565425397,0.0,0.9412679785038336,0.0572431933678957,0.0014888281282705,94.12679785038337,5.724319336789571,0.14888281282705004,0.5000620076620966,69.63206971374117,1.0001240153241933,14.836006176864952,1.50018602298629,5.84392967869622,0.2130628349531483,0.0839258362234633,0.0
28 - m1_mechanically_imbalanced_electrically_100_ohm_fault_load_0.5Nm_m2_imbalanced_on_background_half_speed.csv,56.361629971796354,3.8559986530466133,0.0,0.9380823624952492,0.0602890084286074,0.0016286290761428,93.80823624952498,6.028900842860743,0.16286290761428007,0.5000620076620966,72.58506101260517,1.0001240153241933,10.435665998825144,1.50018602298629,5.667567768904603,0.1437715399455665,0.0780817387192162,0.0
28 - m1_mechanically_imbalanced_electrically_100_ohm_fault_load_0.5Nm_m2_imbalanced_on_background_half_speed.csv,66.39209720459546,3.6524605740100413,0.0,0.8515905553375495,0.1450331055129414,0.0033763391495089,85.15905553375498,14.503310551294145,0.3376339149508901,0.6000744091945159,29.34742129993615,1.2001488183890319,13.373141773689344,1.800223227583548,8.414913403989956,0.4556837085280279,0.2867343375074751,0.0
28 - m1_mechanically_imbalanced_electrically_100_ohm_fault_load_0.5Nm_m2_imbalanced_on_background_half_speed.csv,43.92452953830138,3.348922592420861,0.0,0.860301496764379,0.1363475007337994,0.0033510025018213,86.03014967643793,13.634750073379944,0.3351002501821301,0.7000868107269352,39.10185271119479,1.4001736214538705,6.5698375959865825,2.100260432180806,6.238356381614606,0.1680185756033409,0.159541196876039,0.0
28 - m1_mechanically_imbalanced_electrically_100_ohm_fault_load_0.5Nm_m2_imbalanced_on_background_half_speed.csv,60.66007020435525,3.4001338238838312,0.0,0.91359797795057,0.0843055212116105,0.0020965008378193,91.359797795057,8.430552121161051,0.20965008378193004,0.5000620076620966,52.93125393351499,1.0001240153241933,12.070252727709493,1.50018602298629,7.807623250771922,0.228036402516942,0.1475049742932369,0.0
28 - m1_mechanically_imbalanced_electrically_100_ohm_fault_load_0.5Nm_m2_imbalanced_on_background_half_speed.csv,96.9889409279801,3.2866799912916207,0.0,0.9644704971686572,0.0346105672200419,0.0009189356113009,96.44704971686573,3.461056722004191,0.09189356113009002,0.5000620076620966,97.31930318062363,1.0001240153241933,12.190644357140467,1.50018602298629,4.4486036318370905,0.125264402422968,0.0457114209252046,0.0
28 - m1_mechanically_imbalanced_electrically_100_ohm_fault_load_0.5Nm_m2_imbalanced_on_background_half_speed.csv,88.46099220269925,3.423124684719321,0.0,0.8799663913633746,0.1170390587987786,0.0029945498378463,87.9966391363375,11.703905879877865,0.29945498378463015,0.7000868108089874,31.70598309201815,1.4001736216179748,6.153181190124716,2.1002604324269623,5.09520074771982,0.1940700331627236,0.1607015538023962,0.0
28 - m1_mechanically_imbalanced_electrically_100_ohm_fault_load_0.5Nm_m2_imbalanced_on_background_half_speed.csv,145.37920211186145,3.186023620489222,0.0,0.8950112800892639,0.1023063096801518,0.0026824102305842,89.5011280089264,10.23063096801518,0.26824102305842,0.6000744091945159,39.99853581828189,1.2001488183890319,5.315770753560118,1.800223227583548,4.777038133802519,0.1328991335510454,0.1194303250375257,0.0
28 - m1_mechanically_imbalanced_electrically_100_ohm_fault_load_0.5Nm_m2_imbalanced_on_background_half_speed.csv,63.64494682370066,3.384929419449525,0.0,0.9344960209271784,0.0638711273804526,0.0016328516923686,93.44960209271787,6.3871127380452615,0.16328516923686007,0.6000744091945159,55.545562225222426,1.2001488183890319,9.762506388230731,1.800223227583548,4.3665704836766395,0.1757567300992719,0.0786124095021554,0.0
28 - m1_mechanically_imbalanced_electrically_100_ohm_fault_load_0.5Nm_m2_imbalanced_on_background_half_speed.csv,102.19170331998028,3.7363795463660083,0.0,0.8978501674310367,0.0996067933790157,0.0025430391899475,89.78501674310368,9.960679337901572,0.2543039189947501,0.8000992122593545,38.217459577637,1.600198424518709,7.06876304669211,2.4002976367780637,3.9369794225938386,0.1849616150527286,0.1030152047285102,0.0
28 - m1_mechanically_imbalanced_electrically_100_ohm_fault_load_0.5Nm_m2_imbalanced_on_background_half_speed.csv,39.87183743028342,3.264212817557937,0.0,0.911565806232082,0.0864192382988384,0.0020149554690792,91.15658062320824,8.641923829883844,0.2014955469079201,0.6000744091945159,45.360622533149126,1.2001488183890319,15.582805491080405,1.800223227583548,6.027705926890721,0.3435315615364986,0.1328841093943481,0.0
28 - m1_mechanically_imbalanced_electrically_100_ohm_fault_load_0.5Nm_m2_imbalanced_on_background_half_speed.csv,64.09628104050725,3.4413775316506334,0.0,0.8900537820427302,0.107119183264287,0.0028270346929823,89.00537820427307,10.711918326428705,0.2827034692982301,0.5000620077207053,38.03862718317352,1.0001240154414106,16.447030942956495,1.500186023162116,3.457243539735927,0.4323770903654452,0.0908877053603356,0.0
28 - m1_mechanically_imbalanced_electrically_100_ohm_fault_load_0.5Nm_m2_imbalanced_on_background_half_speed.csv,93.89460588319996,3.5109283207759616,0.0,0.9063651107570436,0.0912854479696007,0.0023494412733553,90.63651107570439,9.128544796960073,0.23494412733553008,0.7000868107269352,43.34502455582872,1.4001736214538705,7.03215791354727,2.100260432180806,4.306275023546676,0.1622367961630705,0.0993487734215068,0.0
28 - m1_mechanically_imbalanced_electrically_100_ohm_fault_load_0.5Nm_m2_imbalanced_on_background_half_speed.csv,63.90562540203444,3.347936796365079,0.0,0.8440646089045437,0.1521320082949833,0.0038033828004725,84.40646089045441,15.213200829498337,0.3803382800472502,0.7000868107269352,32.37846082363666,1.4001736214538705,6.903214243897103,2.100260432180806,4.267194374246382,0.2132039037154501,0.1317911434236948,0.0
28 - m1_mechanically_imbalanced_electrically_100_ohm_fault_load_0.5Nm_m2_imbalanced_on_background_half_speed.csv,89.86418171030981,3.2005999570976034,0.0,0.8721757839903459,0.124626284987107,0.0031979310225468,87.21757839903461,12.462628498710703,0.31979310225468005,0.7000868107269352,37.448029802479695,1.4001736214538705,6.693274011915774,2.100260432180806,4.992815851074799,0.1787350108195162,0.1333265295239695,0.0
28 - m1_mechanically_imbalanced_electrically_100_ohm_fault_load_0.5Nm_m2_imbalanced_on_background_half_speed.csv,104.39096695457243,3.5420925197373583,0.0,0.8813554209883483,0.1157916269253656,0.0028529520862858,88.13554209883486,11.579162692536563,0.2852952086285801,0.7000868107269352,31.49969927654289,1.4001736214538705,7.940131673916351,2.100260432180806,3.273870736425431,0.2520700786445027,0.1039333965598652,0.0
28 - m1_mechanically_imbalanced_electrically_100_ohm_fault_load_0.5Nm_m2_imbalanced_on_background_half_speed.csv,75.12940758139915,3.6062123910793633,0.0,0.8864389490216615,0.1107847322755009,0.0027763187028373,88.64389490216617,11.078473227550091,0.27763187028373004,0.5000620076620966,41.65845121646093,1.0001240153241933,11.18766430606268,1.50018602298629,7.310028344197899,0.2685568949246482,0.1754752788627296,0.0
28 - m1_mechanically_imbalanced_electrically_100_ohm_fault_load_0.5Nm_m2_imbalanced_on_background_half_speed.csv,56.46740991328792,3.4126299602125005,0.0,0.8820162093957515,0.1149693813169354,0.0030144092873127,88.20162093957518,11.496938131693543,0.3014409287312701,0.6000744091945159,38.91996690318674,1.2001488183890319,16.702331946286748,1.800223227583548,5.252615541893924,0.4291455845230735,0.1349594041269301,0.0
28 - m1_mechanically_imbalanced_electrically_100_ohm_fault_load_0.5Nm_m2_imbalanced_on_background_half_speed.csv,34.58800909598399,3.8652143144172952,0.0,0.8303801794546795,0.1655261165215803,0.00409370402374,83.03801794546796,16.552611652158035,0.4093704023740001,0.6000744091945159,29.09295876890597,1.2001488183890319,15.449900522209765,1.800223227583548,6.030814257004617,0.5310529136940977,0.2072946345852675,0.0
28 - m1_mechanically_imbalanced_electrically_100_ohm_fault_load_0.5Nm_m2_imbalanced_on_background_half_speed.csv,40.27264529914859,3.5659767501291415,0.0,0.8394481156486375,0.1567621736952446,0.0037897106561177,83.94481156486377,15.676217369524462,0.37897106561177013,0.7000868107269352,27.195841908100157,1.4001736214538705,4.906274073564167,2.100260432180806,4.655713831014799,0.1804053020363696,0.1711921199846406,0.0
28 - m1_mechanically_imbalanced_electrically_100_ohm_fault_load_0.5Nm_m2_imbalanced_on_background_half_speed.csv,59.45463983510785,3.1638945892987684,0.0,0.9000377081329154,0.0975720043413182,0.0023902875257662,90.00377081329155,9.757200434131821,0.23902875257662007,0.5000620076620966,48.400773933332246,1.0001240153241933,9.529822660558132,1.50018602298629,8.381086692682844,0.1968940140024334,0.1731601793026501,0.0
28 - m1_mechanically_imbalanced_electrically_100_ohm_fault_load_0.5Nm_m2_imbalanced_on_background_half_speed.csv,70.53413120368978,3.5389252575258086,0.0,0.8450538207056589,0.1511723689401104,0.00377381035423,84.50538207056594,15.117236894011052,0.3773810354230003,0.5000620076620966,40.41250181234712,1.0001240153241933,12.35270425708218,1.50018602298629,7.101355212098627,0.3056654179550966,0.1757217418776328,0.0
29 - m1_mechanically_imbalanced_electrically_150_ohm_fault_m2_imbalanced_on_background_half_speed.csv,64.91307048448158,3.326580733371005,0.0,0.9438238381004608,0.0546148165734209,0.0015613453261179,94.38238381004612,5.461481657342093,0.15613453261179006,0.8000992122593545,43.28861220923197,1.600198424518709,8.251716918063673,2.4002976367780637,6.630807199531325,0.1906209623487044,0.153176710019759,0.0
29 - m1_mechanically_imbalanced_electrically_150_ohm_fault_m2_imbalanced_on_background_half_speed.csv,81.63284228771535,3.3739850892966827,0.0,0.9485414516348384,0.0500122406846648,0.0014463076804967,94.85414516348385,5.00122406846648,0.14463076804967004,0.5000620076620966,54.33011995861088,1.0001240153241933,9.244440469043584,1.50018602298629,7.560657663240161,0.1701531392915398,0.139161438793066,0.0
29 - m1_mechanically_imbalanced_electrically_150_ohm_fault_m2_imbalanced_on_background_half_speed.csv,48.30100369242105,3.2147666218187254,0.0,0.927293981211959,0.0707740566215813,0.001931962166459,92.72939812119596,7.077405662158134,0.19319621664590014,0.6000744091945159,38.74713020297853,1.2001488183890319,21.312769199395664,1.800223227583548,4.275118502943216,0.5500476832154483,0.1103338100279381,0.0
29 - m1_mechanically_imbalanced_electrically_150_ohm_fault_m2_imbalanced_on_background_half_speed.csv,107.45515279243097,3.3885486030361025,0.0,0.9344388708099868,0.0636863371516326,0.0018747920383801,93.44388708099872,6.368633715163263,0.1874792038380101,0.5000620076620966,58.55128473041399,1.0001240153241933,11.863656890140225,1.50018602298629,3.7699669089966954,0.2026199244775537,0.0643874327669264,0.0
29 - m1_mechanically_imbalanced_electrically_150_ohm_fault_m2_imbalanced_on_background_half_speed.csv,56.172569197174205,3.293789430236322,0.0,0.9661843453654574,0.032878740075046,0.0009369145594963,96.61843453654576,3.287874007504601,0.09369145594963003,0.5000620076620966,96.28857925601775,1.0001240153241933,15.214445883539453,1.50018602298629,6.029456270718697,0.1580088313805772,0.0626186025103478,0.0
29 - m1_mechanically_imbalanced_electrically_150_ohm_fault_m2_imbalanced_on_background_half_speed.csv,50.51785573787452,3.433994182359215,0.0,0.9533041214655412,0.0453628726248725,0.0013330059095859,95.33041214655417,4.536287262487252,0.13330059095859007,0.7000868107269352,55.75130879168219,1.4001736214538705,9.773949852627554,2.100260432180806,7.488086079543984,0.1753133704743767,0.1343122922463332,0.0
29 - m1_mechanically_imbalanced_electrically_150_ohm_fault_m2_imbalanced_on_background_half_speed.csv,53.41052893478605,3.112858125128785,0.0,0.9640062547372494,0.0349984509676937,0.0009952942950565,96.40062547372497,3.4998450967693717,0.09952942950565002,0.5000620076620966,81.73638081238654,1.0001240153241933,26.01949119305072,1.50018602298629,10.97836435144815,0.3183342709138849,0.1343142948382718,0.0
29 - m1_mechanically_imbalanced_electrically_150_ohm_fault_m2_imbalanced_on_background_half_speed.csv,57.86021940969177,3.785019462533586,0.0,0.9265263852536192,0.0714898593046547,0.0019837554417257,92.65263852536197,7.148985930465473,0.19837554417257008,0.6000744091945159,48.249045532570605,1.2001488183890319,14.64425192835324,1.800223227583548,5.682725231216455,0.3035138160083936,0.1177790186000741,0.0
29 - m1_mechanically_imbalanced_electrically_150_ohm_fault_m2_imbalanced_on_background_half_speed.csv,46.637127468330895,3.3732775724140973,0.0,0.9414959107095096,0.0570069012738181,0.0014971880166722,94.14959107095098,5.700690127381811,0.14971880166722004,0.6000744091945159,60.9965005098392,1.2001488183890319,10.424852205662557,1.800223227583548,7.260098061118224,0.1709090213131317,0.1190248293006107,0.0
29 - m1_mechanically_imbalanced_electrically_150_ohm_fault_m2_imbalanced_on_background_half_speed.csv,65.08175354961365,3.439321382092827,0.0,0.9642784792691418,0.0347665800114549,0.0009549407194031,96.42784792691421,3.476658001145491,0.09549407194031002,0.6000744091945159,74.37457739808346,1.2001488183890319,8.734043094605173,1.800223227583548,8.219799255092395,0.1174331794566975,0.1105189372854737,0.0
29 - m1_mechanically_imbalanced_electrically_150_ohm_fault_m2_imbalanced_on_background_half_speed.csv,60.61587469090299,3.145402953221239,0.0,0.9631831641183212,0.03582493525264,0.0009919006290386,96.31831641183214,3.582493525264001,0.09919006290386004,0.6000744091945159,61.7060680465125,1.2001488183890319,6.914500543018427,1.800223227583548,8.41691120101284,0.1120554389854568,0.1364032982083445,0.0
29 - m1_mechanically_imbalanced_electrically_150_ohm_fault_m2_imbalanced_on_background_half_speed.csv,61.9983201152288,3.1815759438308775,0.0,0.8681059524658101,0.1282528015251963,0.0036412460089931,86.81059524658106,12.825280152519637,0.3641246008993102,0.5000620076620966,30.557958013421324,1.0001240153241933,10.745772644977313,1.50018602298629,10.094900810573046,0.3516521830502442,0.3303525977141299,0.0
29 - m1_mechanically_imbalanced_electrically_150_ohm_fault_m2_imbalanced_on_background_half_speed.csv,86.66092144487824,3.2872768322927137,0.0,0.9431181557062306,0.0553213935254201,0.0015604507683493,94.31181557062305,5.53213935254201,0.15604507683493002,0.6000744091945159,62.70548027235334,1.2001488183890319,14.648618755989766,1.800223227583548,3.090307735705136,0.2336098645982032,0.0492828971611855,0.0
29 - m1_mechanically_imbalanced_electrically_150_ohm_fault_m2_imbalanced_on_background_half_speed.csv,75.39726368967831,3.1841449141902536,0.0,0.9358406991626136,0.0623734791492872,0.001785821688099,93.58406991626137,6.237347914928722,0.17858216880990002,0.6000744091945159,61.09749592398001,1.2001488183890319,11.15739447857152,1.800223227583548,9.617952845634818,0.1826162318084853,0.1574197551009597,0.0
29 - m1_mechanically_imbalanced_electrically_150_ohm_fault_m2_imbalanced_on_background_half_speed.csv,88.30333359649865,3.5298133200193127,0.0,0.9514468475177202,0.0472459520703617,0.001307200411918,95.14468475177202,4.72459520703617,0.1307200411918,0.5000620076620966,70.74415941663149,1.0001240153241933,21.251575253346857,1.50018602298629,4.975354928082952,0.3004004207356622,0.0703288436686588,0.0
29 - m1_mechanically_imbalanced_electrically_150_ohm_fault_m2_imbalanced_on_background_half_speed.csv,72.07195502929052,3.4155987925483267,0.0,0.9451138122498984,0.0533671738950287,0.0015190138550726,94.51138122498988,5.336717389502872,0.15190138550726007,0.5000620076620966,66.73139840557371,1.0001240153241933,23.478574206801717,1.50018602298629,3.7842794584657153,0.3518369878015426,0.0567091286693257,0.0
29 - m1_mechanically_imbalanced_electrically_150_ohm_fault_m2_imbalanced_on_background_half_speed.csv,43.740337676456896,3.3426469117201347,0.0,0.845510037238725,0.1500679002163933,0.0044220625448814,84.55100372387253,15.006790021639334,0.4422062544881401,0.6000744091945159,29.818720408507737,1.2001488183890319,18.61197618645963,1.800223227583548,3.754061383213967,0.6241708541305933,0.1258961260504953,0.0
29 - m1_mechanically_imbalanced_electrically_150_ohm_fault_m2_imbalanced_on_background_half_speed.csv,62.17967725189038,3.207514719917817,0.0,0.846189852364923,0.1497735842999058,0.0040365633351708,84.61898523649234,14.977358429990588,0.40365633351708013,0.5000620076620966,28.67117874063747,1.0001240153241933,8.190082556069077,1.50018602298629,7.587933152699134,0.2856555926827228,0.2646536865937876,0.0
29 - m1_mechanically_imbalanced_electrically_150_ohm_fault_m2_imbalanced_on_background_half_speed.csv,68.83306517194967,3.05275859851726,0.0,0.9274116807839026,0.0705571231717851,0.0020311960443122,92.74116807839027,7.055712317178511,0.20311960443122004,0.7000868107269352,45.30019403458863,1.4001736214538705,9.31962762678139,2.100260432180806,6.863370435251288,0.2057304129793673,0.1515086321707764,0.0
30 - m1_mechanically_imbalanced_electrically_150_ohm_fault_m2_imbalanced_on_background_rotated_half_speed.csv,86.62722618617542,3.1642069456055686,0.0,0.8923050270488591,0.1047389952595392,0.0029559776916014,89.23050270488594,10.473899525953923,0.29559776916014013,0.7000868107269352,27.568627707790014,1.4001736214538705,6.299663383198699,2.100260432180806,5.05061375755434,0.2285084136204072,0.1832014930553543,0.0
30 - m1_mechanically_imbalanced_electrically_150_ohm_fault_m2_imbalanced_on_background_rotated_half_speed.csv,95.0864154310036,3.140074215808763,0.0,0.9614990325690774,0.0374339897320016,0.0010669776989206,96.14990325690778,3.7433989732001614,0.10669776989206003,0.6000744091945159,74.76536608380394,1.2001488183890319,11.47389119504837,1.800223227583548,9.995527617410895,0.1534653248696378,0.1336919504440998,0.0
30 - m1_mechanically_imbalanced_electrically_150_ohm_fault_m2_imbalanced_on_background_rotated_half_speed.csv,71.41770271206065,3.2643206807713794,0.0,0.9346415873700074,0.0634582219992307,0.0019001906307617,93.46415873700074,6.345822199923071,0.19001906307617006,0.5000620076620966,57.739009669029805,1.0001240153241933,12.7952845561099,1.50018602298629,4.896772183886973,0.2216055424132615,0.0848087317734775,0.0
30 - m1_mechanically_imbalanced_electrically_150_ohm_fault_m2_imbalanced_on_background_rotated_half_speed.csv,66.84528865304566,3.1839516201231968,0.0,0.9501965928630948,0.0484873070212836,0.0013161001156212,95.01965928630952,4.848730702128361,0.13161001156212007,0.5000620076620966,60.91467789679968,1.0001240153241933,12.461473070140912,1.50018602298629,5.594698971385108,0.2045725841520966,0.0918448420734248,0.0
30 - m1_mechanically_imbalanced_electrically_150_ohm_fault_m2_imbalanced_on_background_rotated_half_speed.csv,112.17885573427928,3.2544182231479475,0.0,0.8962631484101188,0.1008030705507809,0.0029337810390998,89.62631484101193,10.080307055078096,0.2933781039099802,0.5000620076620966,28.904473202276517,1.0001240153241933,24.289262796236752,1.50018602298629,8.962705401204484,0.8403288524325615,0.3100802197114107,0.0
30 - m1_mechanically_imbalanced_electrically_150_ohm_fault_m2_imbalanced_on_background_rotated_half_speed.csv,85.71373103831316,3.3654562333529463,0.0,0.8549032567045332,0.1410633740949157,0.0040333692005505,85.49032567045337,14.10633740949158,0.4033369200550503,0.5000620076620966,28.07961316736386,1.0001240153241933,16.61981370622563,1.50018602298629,8.918049772027388,0.5918818613050685,0.317598740369849,0.0
30 - m1_mechanically_imbalanced_electrically_150_ohm_fault_m2_imbalanced_on_background_rotated_half_speed.csv,73.7216493515652,3.2944613962041274,0.0,0.8798874404793183,0.1167280652945819,0.003384494226099,87.9887440479319,11.6728065294582,0.33844942260990024,0.7000868107269352,31.9779121021911,1.4001736214538705,6.8269131606343585,2.100260432180806,4.738058430325559,0.2134883959533613,0.1481665974684104,0.0
30 - m1_mechanically_imbalanced_electrically_150_ohm_fault_m2_imbalanced_on_background_rotated_half_speed.csv,76.38226984591907,3.327326268179482,0.0,0.9224391844630968,0.0754601235628595,0.0021006919740433,92.24391844630972,7.546012356285954,0.21006919740433008,0.5000620076620966,36.68163664424488,1.0001240153241933,9.572994511029183,1.50018602298629,9.737683798996402,0.2609751196183643,0.2654648126373659,0.0
30 - m1_mechanically_imbalanced_electrically_150_ohm_fault_m2_imbalanced_on_background_rotated_half_speed.csv,49.81630198751812,3.0771027552852637,0.0,0.9193288385165796,0.0784562321235337,0.0022149293598867,91.93288385165796,7.84562321235337,0.22149293598866998,0.6000744091945159,44.486287957595614,1.2001488183890319,12.744923730434136,1.800223227583548,9.217590194314198,0.2864910586062522,0.2072007042507214,0.0
30 - m1_mechanically_imbalanced_electrically_150_ohm_fault_m2_imbalanced_on_background_rotated_half_speed.csv,87.2854702985707,3.268928941836408,0.0,0.96730539760364,0.0318102859695066,0.0008843164268533,96.73053976036401,3.1810285969506604,0.08843164268533002,0.5000620076620966,87.38085154059276,1.0001240153241933,14.378400352333848,1.50018602298629,5.914799523955464,0.1645486407929358,0.0676898819326308,0.0
30 - m1_mechanically_imbalanced_electrically_150_ohm_fault_m2_imbalanced_on_background_rotated_half_speed.csv,65.23553185522022,3.1727206480043675,0.0,0.912644335734869,0.0849320571628097,0.0024236071023207,91.26443357348695,8.493205716280976,0.24236071023207015,0.7000868107269352,31.98624856594288,1.4001736214538705,13.856152514450613,2.100260432180806,3.83831496893336,0.433190922214112,0.1199989101885545,0.0
30 - m1_mechanically_imbalanced_electrically_150_ohm_fault_m2_imbalanced_on_background_rotated_half_speed.csv,116.93766003307464,3.446810964325716,0.0,0.843050392059541,0.1524367325146648,0.0045128754257938,84.30503920595413,15.243673251466486,0.45128754257938014,0.9001116137917738,26.07558829218275,1.8002232275835477,6.675111446756694,2.7003348413753216,3.591407717913927,0.2559908283548808,0.1377306497430243,0.0
30 - m1_mechanically_imbalanced_electrically_150_ohm_fault_m2_imbalanced_on_background_rotated_half_speed.csv,125.02647923005225,3.3669211918761417,0.0,0.8312206346021297,0.1642628417007884,0.0045165236970816,83.122063460213,16.426284170078848,0.45165236970816014,0.5000620076620966,18.31197620974462,1.0001240153241933,14.792800414884942,1.50018602298629,6.8642888022781925,0.8078210808843794,0.3748524311988456,0.0
30 - m1_mechanically_imbalanced_electrically_150_ohm_fault_m2_imbalanced_on_background_rotated_half_speed.csv,109.6345525562468,3.2479475069105184,0.0,0.7974735186512198,0.197141787021594,0.0053846943271855,79.74735186512204,19.714178702159412,0.5384694327185503,1.0001240153241933,19.782637717513182,2.0002480306483865,7.205034449214374,3.00037204597258,1.919265271051035,0.3642099982873314,0.097017662581565,0.0
30 - m1_mechanically_imbalanced_electrically_150_ohm_fault_m2_imbalanced_on_background_rotated_half_speed.csv,129.20361060613132,3.263264876579422,0.0,0.919942579550484,0.0778831673219968,0.0021742531275192,91.99425795504841,7.7883167321996805,0.21742531275192004,0.9001116137917738,29.81998687383397,1.8002232275835477,6.6066325085024635,2.7003348413753216,2.843159392772013,0.221550483454423,0.0953440859917611,0.0
30 - m1_mechanically_imbalanced_electrically_150_ohm_fault_m2_imbalanced_on_background_rotated_half_speed.csv,125.49346040119956,3.3059205977545503,0.0,0.8588296107529004,0.1372687330489909,0.0039016561981083,85.88296107529007,13.726873304899096,0.3901656198108301,0.8000992122593545,25.95223416093554,1.600198424518709,10.582513322137883,2.4002976367780637,3.681850308656644,0.4077688747917956,0.141870263878812,0.0
30 - m1_mechanically_imbalanced_electrically_150_ohm_fault_m2_imbalanced_on_background_rotated_half_speed.csv,111.91407388682082,3.1500004034233005,0.0,0.8682330638642043,0.12819412407413,0.0035728120616657,86.82330638642043,12.819412407413001,0.35728120616657,0.6000744091945159,22.4849947059872,1.2001488183890319,19.305739623704284,1.800223227583548,11.190571319045562,0.8586054778373436,0.4976906361497069,0.0
30 - m1_mechanically_imbalanced_electrically_150_ohm_fault_m2_imbalanced_on_background_rotated_half_speed.csv,62.55854671937983,3.270343250557876,0.0,0.9416627899061704,0.056777464095656,0.0015597459981731,94.16627899061709,5.677746409565604,0.15597459981731007,0.5000620076620966,64.17105656135665,1.0001240153241933,14.926739125775217,1.50018602298629,6.839318207058922,0.2326085921852188,0.1065794857299811,0.0
30 - m1_mechanically_imbalanced_electrically_150_ohm_fault_m2_imbalanced_on_background_rotated_half_speed.csv,87.7331337324377,3.3281965574576584,0.0,0.9078510801151464,0.089555058286263,0.0025938615985902,90.78510801151468,8.955505828626304,0.2593861598590201,0.6000744091945159,29.64219369745685,1.2001488183890319,20.58297881314291,1.800223227583548,11.26413435034462,0.6943810914678971,0.3800033987130657,0.0
